Time,drop_2
2022-01-23T23:51:14.000+08:00,280.0973972489269
2022-01-24T00:50:45.000+08:00,290.1998604298532
2022-01-24T01:03:18.000+08:00,290.8084254799775
2022-01-24T01:51:42.000+08:00,309.4708780955776
2022-01-24T03:22:40.000+08:00,317.13523976416974
2022-01-24T03:28:43.000+08:00,342.3694844054372
2022-01-24T04:49:20.000+08:00,332.57462220183146
2022-01-24T05:23:23.000+08:00,336.60995261601465
2022-01-24T06:38:18.000+08:00,282.78200493350806
2022-01-24T06:48:04.000+08:00,323.8050723805493
2022-01-24T07:53:51.000+08:00,260.3415861809129
2022-01-24T08:10:00.000+08:00,292.127872064145
2022-01-24T08:23:31.000+08:00,298.50972190637435
2022-01-24T08:57:12.000+08:00,281.94065650916485
2022-01-24T10:33:10.000+08:00,295.6637853328676
2022-01-24T10:53:00.000+08:00,327.7443674607263
2022-01-24T12:14:11.000+08:00,305.5873583841846
2022-01-24T12:57:57.000+08:00,285.0916493226925
2022-01-24T13:04:34.000+08:00,288.674174357814
2022-01-24T13:38:05.000+08:00,311.4135317147441
2022-01-24T13:43:50.000+08:00,272.7210171363518
2022-01-24T14:34:48.000+08:00,279.7177197790978
2022-01-24T15:05:37.000+08:00,246.62580564156963
2022-01-24T16:28:25.000+08:00,303.9054841819243
2022-01-24T17:05:51.000+08:00,324.4731909850299
2022-01-24T19:00:40.000+08:00,316.2489490473641
2022-01-24T19:20:06.000+08:00,301.4728030274018
2022-01-24T19:50:45.000+08:00,265.3337964971652
2022-01-24T20:47:16.000+08:00,297.42369279134556
2022-01-24T21:47:26.000+08:00,290.0302111537801
2022-01-24T22:02:05.000+08:00,342.2310405807633
2022-01-24T22:47:02.000+08:00,272.496038819835
2022-01-24T23:02:18.000+08:00,329.546373341546
2022-01-24T23:03:54.000+08:00,320.5433505584917
2022-01-25T00:19:39.000+08:00,337.70477080915396
2022-01-25T02:29:03.000+08:00,318.25953891254875
2022-01-25T03:06:07.000+08:00,332.7679852801197
2022-01-25T03:24:19.000+08:00,283.921916864259
2022-01-25T04:24:18.000+08:00,314.020681308048
2022-01-25T04:29:04.000+08:00,296.0690700516012
2022-01-25T05:29:07.000+08:00,256.27545169737544
2022-01-25T06:53:19.000+08:00,311.02716247459585
2022-01-25T08:27:09.000+08:00,277.79102397925107
2022-01-25T08:43:17.000+08:00,298.5154003848532
2022-01-25T08:57:11.000+08:00,300.55280238437564
2022-01-25T09:11:53.000+08:00,293.2532390506082
2022-01-25T10:33:09.000+08:00,347.2167223520605
2022-01-25T10:41:23.000+08:00,277.11996325268296
2022-01-25T13:01:25.000+08:00,251.5189188818115
2022-01-25T13:29:12.000+08:00,318.1511216418826
2022-01-25T13:30:01.000+08:00,256.6591967972501
2022-01-25T13:46:37.000+08:00,290.3014761240449
2022-01-25T15:50:29.000+08:00,293.02954318730883
2022-01-25T16:13:12.000+08:00,327.40790803205834
2022-01-25T16:49:14.000+08:00,294.5300466112586
2022-01-25T17:34:00.000+08:00,214.70986391134304
2022-01-25T18:12:13.000+08:00,295.80440762016207
2022-01-25T18:41:58.000+08:00,287.3391972346053
2022-01-25T19:55:31.000+08:00,323.39557614643195
2022-01-25T20:06:40.000+08:00,270.08736090419893
2022-01-25T20:58:43.000+08:00,256.34895152160334
2022-01-25T21:04:44.000+08:00,262.74130511113515
2022-01-25T21:56:32.000+08:00,288.88330340135633
2022-01-25T22:11:09.000+08:00,273.31560522758735
2022-01-25T22:24:50.000+08:00,270.4581902623887
2022-01-26T00:35:32.000+08:00,325.6582088608512
2022-01-26T00:36:21.000+08:00,364.0243660786266
2022-01-26T02:01:13.000+08:00,307.22204754587824
2022-01-26T02:06:47.000+08:00,272.4483123821324
2022-01-26T03:02:30.000+08:00,280.99721141378745
2022-01-26T03:18:53.000+08:00,288.25619056093035
2022-01-26T04:39:04.000+08:00,287.0522784968955
2022-01-26T05:26:13.000+08:00,243.66198179680356
2022-01-26T06:32:37.000+08:00,283.59390082408504
2022-01-26T07:52:39.000+08:00,247.70946083961957
2022-01-26T07:57:44.000+08:00,269.8506597746985
2022-01-26T08:33:56.000+08:00,305.21126662048334
2022-01-26T09:55:53.000+08:00,260.74597818550296
2022-01-26T10:04:59.000+08:00,294.5551746817677
2022-01-26T10:51:54.000+08:00,269.87813210769866
2022-01-26T11:37:21.000+08:00,319.6075358280274
2022-01-26T12:14:35.000+08:00,295.92490458643005
2022-01-26T13:21:36.000+08:00,266.2056735534132
2022-01-26T13:37:23.000+08:00,279.10121751035246
2022-01-26T14:17:12.000+08:00,277.2066660000745
2022-01-26T14:20:11.000+08:00,280.4138238643999
2022-01-26T15:26:25.000+08:00,247.52659238963017
2022-01-26T16:55:55.000+08:00,210.4325164737339
2022-01-26T17:16:34.000+08:00,292.4697302043786
2022-01-26T18:37:40.000+08:00,279.5564832127369
2022-01-26T18:50:33.000+08:00,254.13354615056286
2022-01-26T19:04:48.000+08:00,264.47587691883274
2022-01-26T20:42:34.000+08:00,214.09855533534022
2022-01-26T20:55:56.000+08:00,314.71202581715767
2022-01-26T21:35:33.000+08:00,255.64056247597057
2022-01-26T22:17:06.000+08:00,290.42030859534367
2022-01-26T22:34:10.000+08:00,244.01042409113688
2022-01-26T23:32:20.000+08:00,284.17604461434416
2022-01-27T01:26:29.000+08:00,299.71440745096373
2022-01-27T01:49:12.000+08:00,282.91204872304576
2022-01-27T02:58:37.000+08:00,276.4270244002594
2022-01-27T03:06:29.000+08:00,306.70775674595103
2022-01-27T03:45:35.000+08:00,212.80633780734928
2022-01-27T03:51:58.000+08:00,314.7154089253873
2022-01-27T06:05:51.000+08:00,278.8348605602845
2022-01-27T06:13:54.000+08:00,272.33394261885167
2022-01-27T07:17:35.000+08:00,302.3379673111591
2022-01-27T07:17:54.000+08:00,326.2212994081651
2022-01-27T08:16:33.000+08:00,274.846665020132
2022-01-27T09:22:18.000+08:00,260.3667937887555
2022-01-27T09:57:25.000+08:00,273.4842331459969
2022-01-27T11:16:46.000+08:00,315.54464464272576
2022-01-27T11:32:35.000+08:00,320.46397872617837
2022-01-27T11:33:57.000+08:00,230.02191328600318
2022-01-27T12:56:23.000+08:00,247.93713333109227
2022-01-27T13:55:50.000+08:00,258.75699926900194
2022-01-27T15:36:40.000+08:00,273.1960340345185
2022-01-27T15:39:20.000+08:00,258.0875685998991
2022-01-27T16:27:46.000+08:00,318.7635904444079
2022-01-27T16:30:44.000+08:00,317.67052187347184
2022-01-27T16:59:53.000+08:00,292.28383959716496
2022-01-27T18:55:17.000+08:00,233.2862398450814
2022-01-27T19:11:24.000+08:00,259.61535431015034
2022-01-27T19:38:00.000+08:00,346.6150581987713
2022-01-27T19:42:44.000+08:00,271.374043025359
2022-01-27T20:56:48.000+08:00,310.362811826686
2022-01-27T21:24:22.000+08:00,321.91271474481067
2022-01-27T22:17:47.000+08:00,253.59532668708795
2022-01-27T23:33:03.000+08:00,244.74074256813026
2022-01-27T23:59:00.000+08:00,261.0259920828529
2022-01-28T01:09:58.000+08:00,285.37719734093525
2022-01-28T01:14:03.000+08:00,262.2886458228456
2022-01-28T01:45:05.000+08:00,296.09938323213703
2022-01-28T03:16:29.000+08:00,238.8162392703822
2022-01-28T04:05:03.000+08:00,296.2627278003782
2022-01-28T05:07:03.000+08:00,252.22328163105124
2022-01-28T05:19:09.000+08:00,305.60241212599203
2022-01-28T06:13:05.000+08:00,272.4296861532369
2022-01-28T07:52:01.000+08:00,297.57528632956786
2022-01-28T08:02:45.000+08:00,276.8859629108916
2022-01-28T08:02:55.000+08:00,307.4615100049131
2022-01-28T08:22:13.000+08:00,267.1583137380717
2022-01-28T09:48:21.000+08:00,256.2773447082191
2022-01-28T10:51:54.000+08:00,307.8923059652061
2022-01-28T11:35:00.000+08:00,316.929410874414
2022-01-28T11:49:33.000+08:00,283.63514944679355
2022-01-28T12:53:15.000+08:00,272.2233335573539
2022-01-28T13:37:09.000+08:00,238.97712803353525
2022-01-28T13:49:26.000+08:00,256.13687605240466
2022-01-28T15:04:53.000+08:00,287.49646947518494
2022-01-28T15:51:32.000+08:00,280.29344449640877
2022-01-28T16:19:24.000+08:00,266.9858402582778
2022-01-28T17:33:13.000+08:00,278.6055523820706
2022-01-28T17:49:57.000+08:00,259.30321799722316
2022-01-28T18:03:06.000+08:00,251.54926402137494
2022-01-28T19:22:41.000+08:00,260.76580140813843
2022-01-28T20:15:16.000+08:00,281.2254226669079
2022-01-28T20:33:50.000+08:00,216.86256528115632
2022-01-28T21:09:39.000+08:00,301.04605401630585
2022-01-28T22:13:18.000+08:00,238.0990338696394
2022-01-28T22:22:13.000+08:00,267.98369804877285
2022-01-28T23:47:27.000+08:00,237.35836607696532
2022-01-29T00:11:48.000+08:00,281.4266868811982
2022-01-29T01:01:32.000+08:00,259.4106996357676
2022-01-29T01:40:26.000+08:00,228.71017305029773
2022-01-29T03:09:01.000+08:00,311.76069478751515
2022-01-29T03:47:11.000+08:00,285.6243804827913
2022-01-29T04:39:53.000+08:00,275.8304816638479
2022-01-29T05:04:24.000+08:00,291.46365128064747
2022-01-29T05:32:34.000+08:00,237.5418206061261
2022-01-29T05:58:00.000+08:00,273.3495974759951
2022-01-29T06:32:48.000+08:00,235.09280566424545
2022-01-29T07:24:55.000+08:00,236.10979730335464
2022-01-29T08:44:14.000+08:00,290.48190930640936
2022-01-29T08:58:57.000+08:00,276.7450486850234
2022-01-29T11:43:23.000+08:00,282.01705827329414
2022-01-29T11:49:30.000+08:00,289.61224527114547
2022-01-29T12:03:12.000+08:00,227.8822589371667
2022-01-29T12:20:22.000+08:00,264.8752877064433
2022-01-29T13:06:14.000+08:00,224.03140536977847
2022-01-29T13:21:46.000+08:00,270.549458397436
2022-01-29T15:55:38.000+08:00,254.17048437785297
2022-01-29T17:08:35.000+08:00,295.6943731052591
2022-01-29T17:11:39.000+08:00,289.41060821132373
2022-01-29T17:55:43.000+08:00,250.7732917226259
2022-01-29T18:05:10.000+08:00,264.533533425926
2022-01-29T18:30:06.000+08:00,243.0148104282644
2022-01-29T18:34:59.000+08:00,306.38884419215526
2022-01-29T21:30:54.000+08:00,253.72610792024807
2022-01-29T21:33:39.000+08:00,284.26949186777586
2022-01-29T22:09:48.000+08:00,323.4481019010254
2022-01-29T22:26:38.000+08:00,254.2642995397449
2022-01-29T22:43:03.000+08:00,307.9871986202895
2022-01-30T00:01:30.000+08:00,313.66128505265834
2022-01-30T00:56:02.000+08:00,257.1224937449691
2022-01-30T02:16:15.000+08:00,236.82112125448103
2022-01-30T02:19:47.000+08:00,278.50271387942564
2022-01-30T02:24:36.000+08:00,289.3600406686035
2022-01-30T03:48:01.000+08:00,225.70402019002114
2022-01-30T04:18:16.000+08:00,291.3591754417614
2022-01-30T05:37:43.000+08:00,297.69376447151575
2022-01-30T05:38:52.000+08:00,271.36876830620537
2022-01-30T05:46:15.000+08:00,210.4324124257978
2022-01-30T05:49:41.000+08:00,244.49019561920431
2022-01-30T07:36:32.000+08:00,259.2093689551746
2022-01-30T08:52:46.000+08:00,252.51525144235896
2022-01-30T09:20:52.000+08:00,297.3534885946494
2022-01-30T10:13:04.000+08:00,269.23040844621306
2022-01-30T11:05:18.000+08:00,276.66389960932435
2022-01-30T11:52:44.000+08:00,306.0513662539373
2022-01-30T12:46:48.000+08:00,254.08106943566185
2022-01-30T13:40:43.000+08:00,262.4232536810527
2022-01-30T13:44:37.000+08:00,293.77044860715813
2022-01-30T13:56:15.000+08:00,260.74903823292794
2022-01-30T14:43:32.000+08:00,290.7247946582024
2022-01-30T15:13:50.000+08:00,241.01351452005827
2022-01-30T17:08:25.000+08:00,310.0086916167791
2022-01-30T18:22:29.000+08:00,260.26633529363414
2022-01-30T18:50:46.000+08:00,234.14372837055876
2022-01-30T18:51:02.000+08:00,280.5650952371369
2022-01-30T19:33:49.000+08:00,246.76227805410429
2022-01-30T20:15:31.000+08:00,261.1168506893508
2022-01-30T21:28:27.000+08:00,346.5297312036687
2022-01-30T21:49:50.000+08:00,261.4906677364305
2022-01-30T22:35:47.000+08:00,248.32340362462298
2022-01-30T23:03:07.000+08:00,232.19280237908
2022-01-31T01:13:54.000+08:00,269.5310710886342
2022-01-31T01:47:27.000+08:00,283.37351876592095
2022-01-31T02:07:10.000+08:00,250.154146478875
2022-01-31T02:47:04.000+08:00,316.02994688192155
2022-01-31T03:29:20.000+08:00,253.28802477905217
2022-01-31T04:11:51.000+08:00,223.99501984452354
2022-01-31T04:55:52.000+08:00,261.5092447322672
2022-01-31T05:33:26.000+08:00,224.58192989520384
2022-01-31T06:07:00.000+08:00,263.5278694189793
2022-01-31T07:19:37.000+08:00,256.95003571669446
2022-01-31T08:01:39.000+08:00,225.9470098706357
2022-01-31T08:23:56.000+08:00,264.8592757660761
2022-01-31T08:41:00.000+08:00,306.35445915643993
2022-01-31T10:30:17.000+08:00,231.14727088682895
2022-01-31T11:05:31.000+08:00,251.27706974587792
2022-01-31T11:07:35.000+08:00,297.322426320843
2022-01-31T11:55:57.000+08:00,273.8087302494016
2022-01-31T12:00:15.000+08:00,231.74905193852413
2022-01-31T12:53:07.000+08:00,210.93348442723493
2022-01-31T14:50:52.000+08:00,231.93173121788254
2022-01-31T15:33:06.000+08:00,306.0897350124993
2022-01-31T15:35:43.000+08:00,226.14250231428676
2022-01-31T16:08:22.000+08:00,282.8817937106105
2022-01-31T16:46:43.000+08:00,286.26210519276526
2022-01-31T18:47:30.000+08:00,259.2963996144521
2022-01-31T18:50:06.000+08:00,255.31209160297922
2022-01-31T20:01:47.000+08:00,264.1281775609375
2022-01-31T20:44:09.000+08:00,294.01469261836166
2022-01-31T21:31:11.000+08:00,277.02183825664844
2022-01-31T22:27:33.000+08:00,242.53280578285157
2022-01-31T22:33:25.000+08:00,267.4620632417762
2022-01-31T22:58:21.000+08:00,274.4079374961462
2022-01-31T23:47:34.000+08:00,214.10981564777438
2022-01-31T23:53:21.000+08:00,240.2281436329462
2022-02-01T01:10:18.000+08:00,213.26556437387669
2022-02-01T02:27:32.000+08:00,222.4153967747393
2022-02-01T03:13:15.000+08:00,313.0670663312932
2022-02-01T03:48:25.000+08:00,268.19316010627085
2022-02-01T04:53:14.000+08:00,268.5235134679948
2022-02-01T04:58:30.000+08:00,234.0846184890639
2022-02-01T05:45:52.000+08:00,267.1831245135746
2022-02-01T07:09:35.000+08:00,265.6917797693782
2022-02-01T07:17:05.000+08:00,228.10711609850108
2022-02-01T07:53:58.000+08:00,256.2217180062639
2022-02-01T08:19:21.000+08:00,172.16036518098952
2022-02-01T09:44:55.000+08:00,191.218081113723
2022-02-01T11:19:42.000+08:00,253.20343495523392
2022-02-01T11:31:32.000+08:00,236.3863977193315
2022-02-01T12:22:34.000+08:00,283.83758085685173
2022-02-01T12:51:47.000+08:00,271.1720469127875
2022-02-01T13:03:24.000+08:00,257.8745190400551
2022-02-01T14:49:02.000+08:00,227.86083299437888
2022-02-01T15:40:30.000+08:00,251.04644401423988
2022-02-01T16:05:39.000+08:00,236.00582951815846
2022-02-01T16:10:07.000+08:00,221.7554184759949
2022-02-01T18:08:37.000+08:00,224.57772055473117
2022-02-01T19:47:17.000+08:00,227.2674606512996
2022-02-01T20:01:31.000+08:00,252.4395916187635
2022-02-01T20:42:28.000+08:00,209.67863973603676
2022-02-01T20:59:03.000+08:00,229.72033052522772
2022-02-01T21:15:20.000+08:00,203.80672476385675
2022-02-01T21:27:58.000+08:00,261.05276514177797
2022-02-01T22:05:36.000+08:00,196.30565257251382
2022-02-01T23:59:56.000+08:00,282.7022454658331
2022-02-02T00:16:41.000+08:00,266.43790930680495
2022-02-02T00:46:39.000+08:00,240.3742153236676
2022-02-02T00:56:51.000+08:00,263.23142259747306
2022-02-02T02:35:34.000+08:00,233.0126505772686
2022-02-02T03:42:32.000+08:00,230.2909785101037
2022-02-02T04:14:24.000+08:00,266.72684990393714
2022-02-02T04:30:37.000+08:00,238.59364999184757
2022-02-02T05:15:41.000+08:00,241.7430683481588
2022-02-02T05:19:02.000+08:00,227.27063928605492
2022-02-02T06:04:14.000+08:00,184.9269775019075
2022-02-02T06:21:34.000+08:00,296.57299624221776
2022-02-02T08:07:58.000+08:00,261.8064068405935
2022-02-02T08:55:36.000+08:00,242.37959239534197
2022-02-02T09:39:15.000+08:00,236.55421607579927
2022-02-02T10:39:10.000+08:00,220.32307859362894
2022-02-02T11:30:39.000+08:00,259.1517252675912
2022-02-02T11:45:55.000+08:00,242.72113454532928
2022-02-02T12:31:50.000+08:00,278.48275332150325
2022-02-02T13:11:51.000+08:00,172.18772897607414
2022-02-02T14:00:45.000+08:00,234.60473104286768
2022-02-02T14:06:13.000+08:00,200.6485588089455
2022-02-02T15:21:44.000+08:00,259.74211749723946
2022-02-02T16:39:22.000+08:00,202.22617912778387
2022-02-02T18:14:06.000+08:00,241.13860351500293
2022-02-02T18:52:00.000+08:00,311.5048660984317
2022-02-02T18:55:50.000+08:00,290.43079010649785
2022-02-02T19:58:26.000+08:00,211.5260934086061
2022-02-02T21:20:37.000+08:00,289.40081296822194
2022-02-02T21:29:45.000+08:00,229.20412877108998
2022-02-02T21:31:58.000+08:00,238.15995331306567
2022-02-02T23:07:52.000+08:00,208.6337786749986
2022-02-02T23:13:51.000+08:00,233.54988529357337
2022-02-02T23:16:05.000+08:00,196.28432185855073
2022-02-02T23:41:54.000+08:00,226.56902938880958
2022-02-03T00:33:28.000+08:00,291.59594717996777
2022-02-03T01:53:53.000+08:00,284.12165144577125
2022-02-03T02:03:11.000+08:00,211.36969580387353
2022-02-03T04:22:41.000+08:00,185.67288282505672
2022-02-03T04:25:34.000+08:00,277.73593955385553
2022-02-03T05:17:23.000+08:00,268.7700043311119
2022-02-03T05:22:51.000+08:00,263.70551500268016
2022-02-03T05:56:02.000+08:00,215.7258640326164
2022-02-03T06:42:36.000+08:00,234.40646723043534
2022-02-03T08:18:11.000+08:00,188.52128316131206
2022-02-03T09:22:10.000+08:00,230.7155715136411
2022-02-03T09:31:22.000+08:00,185.72857643865595
2022-02-03T10:02:26.000+08:00,239.79102077637512
2022-02-03T10:40:05.000+08:00,192.6163506173914
2022-02-03T11:46:01.000+08:00,270.0220754893032
2022-02-03T12:53:14.000+08:00,263.3192786955908
2022-02-03T13:17:03.000+08:00,168.9253034381429
2022-02-03T13:21:58.000+08:00,216.18451981844237
2022-02-03T15:13:04.000+08:00,198.20145371094668
2022-02-03T15:18:14.000+08:00,265.59108325795216
2022-02-03T16:11:12.000+08:00,237.07627253338106
2022-02-03T16:26:09.000+08:00,253.90530969262107
2022-02-03T18:47:30.000+08:00,192.99483358898624
2022-02-03T19:00:49.000+08:00,253.68281622312767
2022-02-03T19:34:12.000+08:00,215.02491913140895
2022-02-03T20:06:28.000+08:00,238.05632837105114
2022-02-03T20:33:53.000+08:00,195.24376956716026
2022-02-03T21:13:57.000+08:00,208.70312089505063
2022-02-03T22:19:16.000+08:00,216.81617660859808
2022-02-03T23:56:07.000+08:00,234.46383288706917
2022-02-04T00:05:41.000+08:00,208.19946511895063
2022-02-04T00:23:10.000+08:00,227.47369734696883
2022-02-04T01:34:56.000+08:00,236.9310436203166
2022-02-04T02:31:44.000+08:00,179.50802682288077
2022-02-04T02:36:39.000+08:00,240.23885550729716
2022-02-04T02:38:31.000+08:00,249.64924510853265
2022-02-04T04:44:41.000+08:00,218.09848947724765
2022-02-04T05:37:30.000+08:00,232.43914911535822
2022-02-04T06:17:54.000+08:00,209.64481059790714
2022-02-04T06:34:04.000+08:00,190.6564873142146
2022-02-04T07:23:40.000+08:00,203.64470832946213
2022-02-04T07:24:14.000+08:00,241.73520148546106
2022-02-04T09:21:31.000+08:00,228.98663612068344
2022-02-04T09:41:13.000+08:00,213.702620305882
2022-02-04T10:24:50.000+08:00,212.6647486885929
2022-02-04T10:26:17.000+08:00,182.53350451728775
2022-02-04T12:33:31.000+08:00,218.41486229949967
2022-02-04T13:04:32.000+08:00,240.07125742069843
2022-02-04T13:26:45.000+08:00,235.37667848096987
2022-02-04T13:58:49.000+08:00,201.3623333133271
2022-02-04T14:12:19.000+08:00,227.2572366705903
2022-02-04T15:16:11.000+08:00,252.6217685758655
2022-02-04T16:03:57.000+08:00,262.38985699712225
2022-02-04T17:25:04.000+08:00,258.0793956772393
2022-02-04T17:33:19.000+08:00,216.4411410302957
2022-02-04T17:50:22.000+08:00,206.1659104586625
2022-02-04T17:51:07.000+08:00,195.3888437642989
2022-02-04T20:41:49.000+08:00,253.2480369250787
2022-02-04T20:43:44.000+08:00,234.08962374473512
2022-02-04T20:59:08.000+08:00,232.76670217246397
2022-02-04T22:57:25.000+08:00,200.2511645269396
2022-02-04T23:03:03.000+08:00,209.53432055180915
2022-02-04T23:42:01.000+08:00,227.6098184335255
2022-02-04T23:44:02.000+08:00,212.4227523978537
2022-02-04T23:59:14.000+08:00,183.37058357669417
2022-02-05T01:53:49.000+08:00,238.1129999351886
2022-02-05T02:14:03.000+08:00,238.30375568171513
2022-02-05T03:26:35.000+08:00,193.3055648451525
2022-02-05T04:11:31.000+08:00,192.70805543721738
2022-02-05T04:27:32.000+08:00,235.37504815962194
2022-02-05T05:10:37.000+08:00,239.78034755711207
2022-02-05T05:39:51.000+08:00,202.8361419205783
2022-02-05T07:20:36.000+08:00,200.5105249217059
2022-02-05T07:57:36.000+08:00,271.0375599696193
2022-02-05T08:08:51.000+08:00,217.7604725784049
2022-02-05T08:56:13.000+08:00,216.85410665825577
2022-02-05T10:04:19.000+08:00,226.0071074066914
2022-02-05T10:43:05.000+08:00,226.28751968713718
2022-02-05T10:48:27.000+08:00,232.43614994010403
2022-02-05T12:25:31.000+08:00,224.93509027971314
2022-02-05T13:19:29.000+08:00,195.08293775841912
2022-02-05T13:32:15.000+08:00,233.77000811737236
2022-02-05T14:16:54.000+08:00,192.45839414055087
2022-02-05T14:55:39.000+08:00,285.60719794462636
2022-02-05T16:00:56.000+08:00,240.08015681858913
2022-02-05T17:29:08.000+08:00,251.14508865266055
2022-02-05T17:31:59.000+08:00,205.81845299395553
2022-02-05T17:54:41.000+08:00,254.76626844642527
2022-02-05T18:09:50.000+08:00,256.070969344275
2022-02-05T18:46:08.000+08:00,211.49715508569915
2022-02-05T20:28:15.000+08:00,246.16494686256823
2022-02-05T21:51:56.000+08:00,179.01577641461677
2022-02-05T22:45:14.000+08:00,195.57856577492544
2022-02-05T23:02:15.000+08:00,206.2657765444521
2022-02-05T23:39:24.000+08:00,273.2505184386293
2022-02-06T00:05:39.000+08:00,230.61639795365159
2022-02-06T00:33:43.000+08:00,231.8704294301225
2022-02-06T01:06:53.000+08:00,226.59739357326083
2022-02-06T01:33:53.000+08:00,241.81249430529013
2022-02-06T03:58:07.000+08:00,189.37028917074088
2022-02-06T04:05:04.000+08:00,205.56402992824042
2022-02-06T04:10:39.000+08:00,220.6660162334718
2022-02-06T05:00:55.000+08:00,198.23331852274617
2022-02-06T06:00:25.000+08:00,213.66747697965232
2022-02-06T07:15:47.000+08:00,197.63184992556702
2022-02-06T07:37:38.000+08:00,195.94179004670622
2022-02-06T08:16:21.000+08:00,215.0785468327039
2022-02-06T08:27:21.000+08:00,184.2606868295994
2022-02-06T08:59:31.000+08:00,230.1638473516708
2022-02-06T09:48:13.000+08:00,250.03902461172345
2022-02-06T11:41:57.000+08:00,222.84113852265844
2022-02-06T12:27:45.000+08:00,169.8586839684037
2022-02-06T12:37:14.000+08:00,223.5513665885782
2022-02-06T12:45:50.000+08:00,186.64548379414944
2022-02-06T13:35:07.000+08:00,237.98603283958835
2022-02-06T14:08:05.000+08:00,234.24578722448672
2022-02-06T15:29:32.000+08:00,144.45589285014486
2022-02-06T15:49:22.000+08:00,188.1643418519403
2022-02-06T17:15:15.000+08:00,236.94672627304047
2022-02-06T17:49:30.000+08:00,179.61514435727247
2022-02-06T19:01:04.000+08:00,241.6735989216348
2022-02-06T19:48:34.000+08:00,208.49269061916976
2022-02-06T20:21:05.000+08:00,177.81871251004986
2022-02-06T20:56:21.000+08:00,128.68189309987895
2022-02-06T21:19:24.000+08:00,201.5707413679543
2022-02-06T23:00:49.000+08:00,210.85121488751574
2022-02-06T23:12:40.000+08:00,200.80031601443216
2022-02-06T23:15:04.000+08:00,223.66738937078892
2022-02-07T00:18:08.000+08:00,226.03237418227022
2022-02-07T00:32:29.000+08:00,165.45314758182437
2022-02-07T02:10:39.000+08:00,197.43282618771048
2022-02-07T02:12:13.000+08:00,213.57103058567552
2022-02-07T04:05:18.000+08:00,192.35817693394088
2022-02-07T04:40:48.000+08:00,185.16085415029022
2022-02-07T04:54:10.000+08:00,208.19066031192187
2022-02-07T05:43:13.000+08:00,189.89644638436886
2022-02-07T05:57:42.000+08:00,172.20335609249304
2022-02-07T07:27:30.000+08:00,195.0711330316728
2022-02-07T07:52:45.000+08:00,179.43834670024896
2022-02-07T09:21:13.000+08:00,204.97902107976594
2022-02-07T09:52:30.000+08:00,194.13925731701624
2022-02-07T10:08:41.000+08:00,200.81042150972488
2022-02-07T10:49:51.000+08:00,177.0921277609608
2022-02-07T10:57:08.000+08:00,250.2070415065257
2022-02-07T12:00:10.000+08:00,215.92696530292523
2022-02-07T12:32:58.000+08:00,193.09048283444568
2022-02-07T13:40:29.000+08:00,220.31107824214723
2022-02-07T15:29:13.000+08:00,205.01150987637953
2022-02-07T15:44:51.000+08:00,185.69214303916402
2022-02-07T16:54:52.000+08:00,207.0831864531223
2022-02-07T17:36:11.000+08:00,202.3405987135822
2022-02-07T17:37:45.000+08:00,185.7123609949712
2022-02-07T18:06:23.000+08:00,262.44704431287437
2022-02-07T19:22:35.000+08:00,208.39864898292097
2022-02-07T19:45:20.000+08:00,197.203779258715
2022-02-07T20:20:28.000+08:00,265.1416191347349
2022-02-07T21:18:23.000+08:00,221.96605915824972
2022-02-07T22:14:40.000+08:00,226.44645125782813
2022-02-07T22:59:10.000+08:00,215.3146829361597
2022-02-07T23:14:30.000+08:00,187.83565110393664
2022-02-07T23:43:47.000+08:00,211.92542020110832
2022-02-08T00:02:12.000+08:00,219.31934134199332
2022-02-08T00:27:16.000+08:00,227.56185813461946
2022-02-08T02:59:06.000+08:00,189.1338459298417
2022-02-08T04:25:22.000+08:00,238.80832554222357
2022-02-08T04:34:49.000+08:00,233.62692150463394
2022-02-08T04:50:43.000+08:00,195.63504218042974
2022-02-08T04:55:15.000+08:00,170.46045504475947
2022-02-08T06:45:30.000+08:00,177.40062004903854
2022-02-08T07:13:30.000+08:00,142.2071671148016
2022-02-08T07:20:04.000+08:00,185.97438605821853
2022-02-08T08:37:23.000+08:00,194.4774327967186
2022-02-08T09:08:36.000+08:00,239.01251362040267
2022-02-08T10:10:33.000+08:00,197.81513327084278
2022-02-08T10:20:17.000+08:00,216.50642789710489
2022-02-08T10:24:59.000+08:00,169.6957239226597
2022-02-08T11:01:00.000+08:00,201.09815569750077
2022-02-08T12:57:47.000+08:00,275.9127358529573
2022-02-08T13:34:27.000+08:00,184.2527209266878
2022-02-08T13:46:39.000+08:00,198.37544019706866
2022-02-08T14:26:49.000+08:00,215.3829334381023
2022-02-08T16:02:28.000+08:00,201.7141597526531
2022-02-08T16:55:20.000+08:00,191.94430715897903
2022-02-08T17:42:46.000+08:00,242.56748651437408
2022-02-08T18:17:36.000+08:00,153.01239488036467
2022-02-08T20:29:41.000+08:00,197.12974289926692
2022-02-08T20:30:29.000+08:00,192.68928995863598
2022-02-08T21:02:09.000+08:00,154.22733210640916
2022-02-08T21:53:05.000+08:00,197.70953447749255
2022-02-08T22:28:31.000+08:00,238.68100555312782
2022-02-08T22:41:40.000+08:00,149.87373152662246
2022-02-08T23:06:37.000+08:00,225.42615155361563
2022-02-08T23:38:43.000+08:00,197.0456167015047
2022-02-09T00:38:13.000+08:00,219.93152868172427
2022-02-09T02:12:29.000+08:00,232.84822545451607
2022-02-09T03:06:26.000+08:00,204.83158979832888
2022-02-09T03:28:39.000+08:00,209.64503622917528
2022-02-09T04:08:32.000+08:00,246.76477650751724
2022-02-09T04:25:06.000+08:00,212.68136477439236
2022-02-09T05:24:35.000+08:00,209.05207856935073
2022-02-09T06:38:02.000+08:00,184.05553109033227
2022-02-09T07:04:24.000+08:00,242.56055682179863
2022-02-09T07:33:47.000+08:00,162.30227650914088
2022-02-09T08:12:54.000+08:00,250.38319776406396
2022-02-09T08:25:57.000+08:00,167.17403578186574
2022-02-09T10:07:39.000+08:00,228.85712688065777
2022-02-09T10:35:23.000+08:00,202.2097128920122
2022-02-09T11:38:02.000+08:00,209.00499660090037
2022-02-09T11:56:40.000+08:00,166.92865254791076
2022-02-09T12:50:28.000+08:00,163.36481938925516
2022-02-09T13:40:21.000+08:00,172.1223270600204
2022-02-09T14:46:57.000+08:00,145.42116059111765
2022-02-09T15:42:10.000+08:00,268.75216078385245
2022-02-09T15:58:40.000+08:00,180.27626276985674
2022-02-09T17:07:18.000+08:00,166.5777238002009
2022-02-09T17:28:28.000+08:00,199.37219465609945
2022-02-09T17:43:58.000+08:00,173.45044978135718
2022-02-09T18:40:57.000+08:00,189.32470475088772
2022-02-09T19:21:31.000+08:00,160.44351514280342
2022-02-09T20:50:43.000+08:00,190.2206665866087
2022-02-09T20:54:57.000+08:00,227.90919391225538
2022-02-09T21:10:04.000+08:00,216.861973335853
2022-02-09T22:31:22.000+08:00,103.75299296426023
2022-02-09T23:00:34.000+08:00,203.18972904841948
2022-02-10T00:19:53.000+08:00,149.89681456872756
2022-02-10T01:59:02.000+08:00,192.90919548033042
2022-02-10T02:20:57.000+08:00,222.67260252795052
2022-02-10T02:25:00.000+08:00,182.46811263018589
2022-02-10T02:32:10.000+08:00,131.7754872283487
2022-02-10T03:11:39.000+08:00,192.5045386699513
2022-02-10T04:16:37.000+08:00,207.97850260283582
2022-02-10T04:29:25.000+08:00,207.6375406141276
2022-02-10T04:45:09.000+08:00,159.93521174459528
2022-02-10T05:40:02.000+08:00,236.51771526044436
2022-02-10T07:20:59.000+08:00,233.64573227711338
2022-02-10T08:41:49.000+08:00,185.8459729700586
2022-02-10T09:50:52.000+08:00,176.6450353471735
2022-02-10T10:00:20.000+08:00,183.00894022706527
2022-02-10T11:03:37.000+08:00,192.98507708171644
2022-02-10T11:06:14.000+08:00,112.06478808208495
2022-02-10T11:32:57.000+08:00,207.668432278901
2022-02-10T13:09:50.000+08:00,200.50882847362547
2022-02-10T13:18:58.000+08:00,173.83226827411747
2022-02-10T14:33:21.000+08:00,210.66700780914306
2022-02-10T15:18:02.000+08:00,162.99307721726862
2022-02-10T15:28:45.000+08:00,187.40167142945234
2022-02-10T15:57:30.000+08:00,184.43905058194215
2022-02-10T17:05:39.000+08:00,232.91761594433802
2022-02-10T18:36:53.000+08:00,175.53449636793945
2022-02-10T18:51:48.000+08:00,194.86555183299117
2022-02-10T18:52:31.000+08:00,203.06268387935472
2022-02-10T19:24:45.000+08:00,188.11621655821074
2022-02-10T19:37:11.000+08:00,175.5985976568645
2022-02-10T21:38:57.000+08:00,178.43305189075937
2022-02-10T22:33:56.000+08:00,172.06775247728845
2022-02-10T23:51:42.000+08:00,157.0889538216108
2022-02-11T00:24:57.000+08:00,210.10118982891123
2022-02-11T01:08:06.000+08:00,187.9584635418029
2022-02-11T01:12:42.000+08:00,162.65529620420187
2022-02-11T02:05:40.000+08:00,190.03918497578783
2022-02-11T03:21:00.000+08:00,211.24892103489276
2022-02-11T03:33:49.000+08:00,149.84660073181175
2022-02-11T03:51:34.000+08:00,212.52231448968303
2022-02-11T04:27:47.000+08:00,198.40455624002723
2022-02-11T05:37:26.000+08:00,200.84866041559226
2022-02-11T06:01:03.000+08:00,186.63054879676332
2022-02-11T06:57:38.000+08:00,139.05221896600483
2022-02-11T08:24:29.000+08:00,174.91516217090683
2022-02-11T08:56:48.000+08:00,214.4431259426773
2022-02-11T10:02:56.000+08:00,230.48076017440104
2022-02-11T11:18:40.000+08:00,158.13896235298694
2022-02-11T11:44:16.000+08:00,144.88736586220472
2022-02-11T12:14:19.000+08:00,144.76203747959903
2022-02-11T13:20:16.000+08:00,192.02513341275056
2022-02-11T13:32:46.000+08:00,198.95597898935694
2022-02-11T13:33:46.000+08:00,183.63013366375728
2022-02-11T15:09:30.000+08:00,185.42232236726295
2022-02-11T16:23:33.000+08:00,188.50142724311544
2022-02-11T17:02:51.000+08:00,194.17610413640952
2022-02-11T17:12:58.000+08:00,167.1868034574567
2022-02-11T18:00:12.000+08:00,216.688671810414
2022-02-11T19:16:49.000+08:00,198.15029088759974
2022-02-11T19:57:24.000+08:00,202.11616225605616
2022-02-11T20:23:31.000+08:00,123.18974931392876
2022-02-11T20:23:42.000+08:00,167.1663044667255
2022-02-11T21:06:06.000+08:00,206.11995117798915
2022-02-11T21:49:36.000+08:00,162.44377260917025
2022-02-11T22:56:03.000+08:00,183.32864052201705
2022-02-11T23:36:13.000+08:00,134.14849911479155
2022-02-12T00:05:53.000+08:00,171.97684181937947
2022-02-12T00:59:12.000+08:00,223.31054622916773
2022-02-12T02:24:14.000+08:00,202.85411798015286
2022-02-12T03:30:49.000+08:00,162.77422772675405
2022-02-12T03:45:28.000+08:00,208.11774500151972
2022-02-12T04:13:30.000+08:00,152.07961487261963
2022-02-12T04:46:24.000+08:00,209.63838527359815
2022-02-12T06:03:26.000+08:00,138.88037005074847
2022-02-12T06:23:49.000+08:00,159.50258254118893
2022-02-12T08:12:29.000+08:00,163.7498199143527
2022-02-12T08:18:13.000+08:00,174.05440665964431
2022-02-12T09:00:37.000+08:00,221.75509945921985
2022-02-12T09:17:21.000+08:00,192.07169679501112
2022-02-12T09:59:36.000+08:00,213.0930435543317
2022-02-12T10:32:36.000+08:00,133.97435610543948
2022-02-12T11:05:42.000+08:00,230.52378739982274
2022-02-12T11:19:17.000+08:00,183.63015471743103
2022-02-12T13:10:16.000+08:00,154.264522823912
2022-02-12T13:46:05.000+08:00,164.23098565273347
2022-02-12T15:03:57.000+08:00,180.618466023296
2022-02-12T15:13:17.000+08:00,178.82606712925102
2022-02-12T16:20:36.000+08:00,161.1061830182551
2022-02-12T16:38:53.000+08:00,204.61427342620033
2022-02-12T17:46:47.000+08:00,166.7142487064976
2022-02-12T18:30:07.000+08:00,120.25815234092218
2022-02-12T19:53:24.000+08:00,174.11584791371945
2022-02-12T20:28:15.000+08:00,172.02663264482632
2022-02-12T21:19:38.000+08:00,148.26501615665967
2022-02-12T21:56:24.000+08:00,188.14630302548497
2022-02-12T22:43:49.000+08:00,117.30534595894196
2022-02-12T23:28:02.000+08:00,143.779728729726
2022-02-12T23:58:06.000+08:00,172.09064520146669
2022-02-13T01:02:31.000+08:00,146.999930573885
2022-02-13T01:24:12.000+08:00,146.111264214358
2022-02-13T01:41:32.000+08:00,177.4585820749695
2022-02-13T02:55:12.000+08:00,217.08855007700086
2022-02-13T03:20:48.000+08:00,198.3862330675426
2022-02-13T04:47:46.000+08:00,163.20286725020046
2022-02-13T04:59:31.000+08:00,181.0281411593946
2022-02-13T05:01:36.000+08:00,200.82898052616963
2022-02-13T05:36:46.000+08:00,145.71499274126992
2022-02-13T07:00:31.000+08:00,155.23015998405188
2022-02-13T07:46:56.000+08:00,186.86859464860424
2022-02-13T07:53:12.000+08:00,161.38658763655337
2022-02-13T09:03:52.000+08:00,159.08283689040735
2022-02-13T09:50:16.000+08:00,176.88840279840392
2022-02-13T11:35:51.000+08:00,165.26265946434378
2022-02-13T12:04:06.000+08:00,145.27327258066592
2022-02-13T12:20:08.000+08:00,137.06396724134126
2022-02-13T13:05:11.000+08:00,161.55061822169796
2022-02-13T13:33:01.000+08:00,180.09028341580202
2022-02-13T14:10:18.000+08:00,175.367196207368
2022-02-13T15:06:01.000+08:00,133.7369087942652
2022-02-13T15:32:51.000+08:00,169.00019646137616
2022-02-13T16:22:47.000+08:00,137.6051766135557
2022-02-13T16:40:21.000+08:00,105.65642124802429
2022-02-13T18:48:32.000+08:00,141.18558443729472
2022-02-13T19:00:25.000+08:00,106.99962487789077
2022-02-13T19:36:56.000+08:00,168.0799008589015
2022-02-13T20:26:39.000+08:00,154.8515237697251
2022-02-13T20:36:37.000+08:00,227.27238740508133
2022-02-13T22:10:50.000+08:00,143.52652825647579
2022-02-13T22:24:38.000+08:00,135.73615265876407
2022-02-13T23:22:54.000+08:00,136.26889397310362
2022-02-13T23:32:01.000+08:00,144.46773357959123
2022-02-14T00:43:41.000+08:00,141.02528494762763
2022-02-14T01:48:31.000+08:00,169.1185753572834
2022-02-14T03:05:02.000+08:00,209.93492401483314
2022-02-14T03:09:53.000+08:00,194.16349174601666
2022-02-14T04:38:03.000+08:00,133.232081360526
2022-02-14T04:55:27.000+08:00,127.80722291358838
2022-02-14T04:57:12.000+08:00,179.75832836447483
2022-02-14T05:54:04.000+08:00,176.0323269923509
2022-02-14T06:49:42.000+08:00,189.84237187678247
2022-02-14T07:58:14.000+08:00,201.62426929552595
2022-02-14T08:53:39.000+08:00,100.39283541319294
2022-02-14T08:59:35.000+08:00,171.195682950136
2022-02-14T09:50:53.000+08:00,124.16687827115061
2022-02-14T10:42:02.000+08:00,192.8162169434306
2022-02-14T11:11:58.000+08:00,160.62748916958023
2022-02-14T11:37:44.000+08:00,165.1268551727544
2022-02-14T12:19:57.000+08:00,181.78779875210893
2022-02-14T13:20:48.000+08:00,152.3951568102146
2022-02-14T14:36:10.000+08:00,169.9386941999896
2022-02-14T15:08:32.000+08:00,214.62026126945892
2022-02-14T15:09:18.000+08:00,118.9159874968829
2022-02-14T16:29:51.000+08:00,144.61129917259052
2022-02-14T16:44:50.000+08:00,180.34957514061756
2022-02-14T18:35:45.000+08:00,120.10381311286227
2022-02-14T19:01:02.000+08:00,182.31039227743517
2022-02-14T20:22:09.000+08:00,147.51771862400165
2022-02-14T20:54:00.000+08:00,165.86129682782843
2022-02-14T21:10:02.000+08:00,125.09299849108311
2022-02-14T22:06:04.000+08:00,140.16850265102653
2022-02-14T22:07:28.000+08:00,165.29735424755376
2022-02-14T23:17:04.000+08:00,164.36500221565692
2022-02-14T23:33:40.000+08:00,154.5428129991975
2022-02-15T00:25:44.000+08:00,129.24040085773217
2022-02-15T01:39:58.000+08:00,123.64377116067678
2022-02-15T02:03:01.000+08:00,109.12580589872988
2022-02-15T02:26:25.000+08:00,141.56076042743442
2022-02-15T03:27:21.000+08:00,166.21011333575078
2022-02-15T03:28:23.000+08:00,158.95805832348464
2022-02-15T04:30:22.000+08:00,163.35547214808645
2022-02-15T05:02:56.000+08:00,96.20758433176223
2022-02-15T07:10:30.000+08:00,222.65019385315674
2022-02-15T07:25:02.000+08:00,157.16745577428765
2022-02-15T07:37:07.000+08:00,185.31337063809977
2022-02-15T08:40:24.000+08:00,121.01160340766974
2022-02-15T10:37:08.000+08:00,198.36980733266392
2022-02-15T10:56:20.000+08:00,141.2572106161543
2022-02-15T11:12:02.000+08:00,117.42963491421199
2022-02-15T11:44:04.000+08:00,118.95291365430674
2022-02-15T12:25:07.000+08:00,217.16180108613554
2022-02-15T12:34:49.000+08:00,178.24587523269594
2022-02-15T13:53:31.000+08:00,77.57513703153595
2022-02-15T14:42:04.000+08:00,133.14147659948298
2022-02-15T14:57:01.000+08:00,126.45731240908535
2022-02-15T16:38:17.000+08:00,119.15666452926459
2022-02-15T17:24:13.000+08:00,174.949316235432
2022-02-15T17:28:49.000+08:00,141.0402095880069
2022-02-15T18:30:18.000+08:00,163.87225889027945
2022-02-15T18:55:50.000+08:00,146.924255648671
2022-02-15T19:51:52.000+08:00,163.75387668261942
2022-02-15T20:34:05.000+08:00,131.06959665099168
2022-02-15T20:40:13.000+08:00,118.83345450145814
2022-02-15T22:30:21.000+08:00,118.66954630968903
2022-02-15T23:42:26.000+08:00,180.33812571068572
2022-02-16T00:08:48.000+08:00,156.51288537740862
2022-02-16T01:08:25.000+08:00,118.42360984351996
2022-02-16T01:59:44.000+08:00,120.99195871755538
2022-02-16T02:17:19.000+08:00,128.20528471151857
2022-02-16T02:26:44.000+08:00,138.48457779579698
2022-02-16T02:45:30.000+08:00,116.48733369075214
2022-02-16T04:52:30.000+08:00,163.1786702235873
2022-02-16T05:18:39.000+08:00,176.3013847904218
2022-02-16T05:42:11.000+08:00,185.97275930049454
2022-02-16T05:55:24.000+08:00,162.81783594931844
2022-02-16T07:43:38.000+08:00,154.76156693406116
2022-02-16T08:12:33.000+08:00,133.4712542679777
2022-02-16T09:49:34.000+08:00,88.27183127727608
2022-02-16T09:55:37.000+08:00,120.33332603886019
2022-02-16T10:21:52.000+08:00,142.01310102588434
2022-02-16T10:51:50.000+08:00,141.81109576401442
2022-02-16T11:49:44.000+08:00,209.58393642662145
2022-02-16T12:56:02.000+08:00,101.0654771731413
2022-02-16T13:12:48.000+08:00,157.8935128628078
2022-02-16T14:01:37.000+08:00,138.42387325947797
2022-02-16T14:39:11.000+08:00,155.92642392153755
2022-02-16T15:00:54.000+08:00,126.12054609500042
2022-02-16T15:28:02.000+08:00,175.54538092084314
2022-02-16T15:55:37.000+08:00,140.40109864561964
2022-02-16T18:39:12.000+08:00,173.00139456135412
2022-02-16T20:11:42.000+08:00,126.48463477007695
2022-02-16T20:24:57.000+08:00,174.30399052041344
2022-02-16T20:27:57.000+08:00,143.26912700792212
2022-02-16T21:18:56.000+08:00,116.0611453153731
2022-02-16T21:32:05.000+08:00,174.30405801456638
2022-02-16T23:06:05.000+08:00,112.83489539764722
2022-02-16T23:18:05.000+08:00,155.16059387516705
2022-02-16T23:24:21.000+08:00,129.67314230518127
2022-02-17T00:07:29.000+08:00,173.85934631633555
2022-02-17T01:12:05.000+08:00,186.32402994625969
2022-02-17T01:16:57.000+08:00,169.44584785026527
2022-02-17T02:49:26.000+08:00,116.38086996129934
2022-02-17T03:09:30.000+08:00,92.94114199903494
2022-02-17T04:34:13.000+08:00,87.38134892494246
2022-02-17T04:57:07.000+08:00,152.00690825035755
2022-02-17T05:29:24.000+08:00,182.69346657889668
2022-02-17T06:12:27.000+08:00,189.20540346296642
2022-02-17T07:47:45.000+08:00,156.2065418101765
2022-02-17T08:26:15.000+08:00,137.57735069009146
2022-02-17T09:20:02.000+08:00,158.64759457366802
2022-02-17T10:07:34.000+08:00,144.0720193628612
2022-02-17T10:07:36.000+08:00,196.8416767314138
2022-02-17T11:08:28.000+08:00,173.99840713139744
2022-02-17T11:16:41.000+08:00,150.69055370832007
2022-02-17T11:47:47.000+08:00,181.36509490351304
2022-02-17T12:33:59.000+08:00,150.21054994069263
2022-02-17T14:13:47.000+08:00,127.78238057917277
2022-02-17T15:05:43.000+08:00,129.8831079220837
2022-02-17T15:19:19.000+08:00,144.96843738595857
2022-02-17T16:49:28.000+08:00,178.623954910197
2022-02-17T16:56:58.000+08:00,162.01864292986085
2022-02-17T17:47:43.000+08:00,107.60812250394872
2022-02-17T17:53:05.000+08:00,73.81688532272591
2022-02-17T19:32:14.000+08:00,139.85123590037816
2022-02-17T19:45:57.000+08:00,134.98430114815054
2022-02-17T20:21:08.000+08:00,102.82828633781176
2022-02-17T21:04:26.000+08:00,157.86732379207567
2022-02-17T21:23:33.000+08:00,134.67443059536723
2022-02-17T22:53:45.000+08:00,158.05773804176988
2022-02-17T23:13:17.000+08:00,127.04011684736234
2022-02-17T23:37:44.000+08:00,153.3746800898776
2022-02-17T23:52:03.000+08:00,124.9628406765026
2022-02-18T01:47:21.000+08:00,171.86327756919806
2022-02-18T02:56:55.000+08:00,136.2810826898853
2022-02-18T03:20:15.000+08:00,148.17445542988722
2022-02-18T03:58:24.000+08:00,145.11091254832812
2022-02-18T04:48:50.000+08:00,93.76435056899751
2022-02-18T05:50:22.000+08:00,128.779901637904
2022-02-18T05:52:03.000+08:00,93.42499518261502
2022-02-18T06:48:15.000+08:00,128.94008362109872
2022-02-18T07:11:48.000+08:00,178.20771084425144
2022-02-18T09:21:20.000+08:00,128.25918891514956
2022-02-18T09:50:27.000+08:00,150.6667057116263
2022-02-18T10:24:36.000+08:00,97.68432707952977
2022-02-18T10:58:27.000+08:00,100.4885926365513
2022-02-18T12:02:42.000+08:00,108.17941063894418
2022-02-18T12:04:22.000+08:00,186.5719522432587
2022-02-18T12:27:50.000+08:00,156.70756732154922
2022-02-18T12:54:49.000+08:00,154.15651698439004
2022-02-18T14:39:12.000+08:00,129.91663935501364
2022-02-18T15:31:32.000+08:00,126.89582071592164
2022-02-18T16:30:35.000+08:00,111.98604985280798
2022-02-18T17:01:10.000+08:00,127.98121805474662
2022-02-18T17:28:37.000+08:00,169.33969300900242
2022-02-18T18:36:41.000+08:00,189.74642502696025
2022-02-18T19:18:41.000+08:00,88.71392285683277
2022-02-18T19:58:56.000+08:00,157.09837520660554
2022-02-18T20:00:23.000+08:00,128.05482457213222
2022-02-18T20:29:08.000+08:00,123.70941226159863
2022-02-18T21:23:54.000+08:00,106.36881206574833
2022-02-18T21:42:17.000+08:00,129.5430610870092
2022-02-18T23:07:25.000+08:00,74.90507502954634
2022-02-19T00:30:16.000+08:00,127.40270350787873
2022-02-19T01:48:33.000+08:00,174.21535397282474
2022-02-19T02:18:41.000+08:00,149.671819584533
2022-02-19T02:24:29.000+08:00,155.0740750505173
2022-02-19T02:36:56.000+08:00,159.47546022317886
2022-02-19T03:25:55.000+08:00,124.45317680235844
2022-02-19T04:17:31.000+08:00,142.86853801685746
2022-02-19T04:52:37.000+08:00,101.11080320206443
2022-02-19T06:15:40.000+08:00,101.4098452409884
2022-02-19T07:44:14.000+08:00,89.98577522781873
2022-02-19T07:59:39.000+08:00,87.27053521948795
2022-02-19T08:08:50.000+08:00,163.0430351075304
2022-02-19T09:04:27.000+08:00,160.84639043925833
2022-02-19T09:21:09.000+08:00,115.2075449110711
2022-02-19T09:58:27.000+08:00,151.5376793394504
2022-02-19T11:57:29.000+08:00,116.63590259866679
2022-02-19T12:06:28.000+08:00,172.42019312242604
2022-02-19T12:32:46.000+08:00,166.90128325574014
2022-02-19T13:46:04.000+08:00,68.82283077855885
2022-02-19T14:33:05.000+08:00,128.82045541639948
2022-02-19T15:49:38.000+08:00,140.4524768032699
2022-02-19T16:00:27.000+08:00,130.39751350764445
2022-02-19T16:42:05.000+08:00,95.66895089855247
2022-02-19T17:34:34.000+08:00,159.79976805211206
2022-02-19T18:35:16.000+08:00,140.99521051980895
2022-02-19T18:40:48.000+08:00,96.6954295433351
2022-02-19T19:09:15.000+08:00,119.82667810456742
2022-02-19T19:38:51.000+08:00,133.04771233302318
2022-02-19T20:19:36.000+08:00,112.47988562710802
2022-02-19T20:45:33.000+08:00,68.3480347169498
2022-02-19T21:46:22.000+08:00,153.34766186957353
2022-02-19T22:26:13.000+08:00,142.6946468327875
2022-02-20T00:11:04.000+08:00,135.89946338677208
2022-02-20T01:16:45.000+08:00,126.75814330814633
2022-02-20T02:37:00.000+08:00,99.06276254261691
2022-02-20T02:46:37.000+08:00,187.7370892915354
2022-02-20T03:01:38.000+08:00,121.87958205689695
2022-02-20T03:27:48.000+08:00,147.21494243034022
2022-02-20T04:05:08.000+08:00,135.11006457398935
2022-02-20T04:31:34.000+08:00,117.78943653011991
2022-02-20T06:43:11.000+08:00,116.34953557728498
2022-02-20T07:02:23.000+08:00,163.4863505595532
2022-02-20T07:35:21.000+08:00,122.65199285709554
2022-02-20T08:54:21.000+08:00,119.89683870251454
2022-02-20T09:15:25.000+08:00,178.66672050645013
2022-02-20T09:32:54.000+08:00,135.52994102514668
2022-02-20T09:41:04.000+08:00,137.9542299838262
2022-02-20T11:07:28.000+08:00,156.79647608015077
2022-02-20T12:08:32.000+08:00,19.76433431439966
2022-02-20T12:36:59.000+08:00,124.78419116683872
2022-02-20T13:40:01.000+08:00,95.95615951774614
2022-02-20T13:51:22.000+08:00,125.70858300955413
2022-02-20T14:57:16.000+08:00,88.14409465384756
2022-02-20T16:06:04.000+08:00,100.72870086554826
2022-02-20T16:18:22.000+08:00,132.7918922001529
2022-02-20T18:11:22.000+08:00,150.02386219453922
2022-02-20T18:21:50.000+08:00,129.8874969622371
2022-02-20T18:34:42.000+08:00,129.84612430700471
2022-02-20T18:55:49.000+08:00,150.91197739044102
2022-02-20T18:59:40.000+08:00,132.09780640163126
2022-02-20T21:02:40.000+08:00,109.0221014181922
2022-02-20T22:23:30.000+08:00,115.40487182065326
2022-02-20T22:48:57.000+08:00,152.8565136970127
2022-02-20T23:27:51.000+08:00,125.60212144679603
2022-02-20T23:48:41.000+08:00,76.18136823185284
2022-02-21T00:53:26.000+08:00,109.57250740714434
2022-02-21T01:36:58.000+08:00,171.86435780597753
2022-02-21T01:52:55.000+08:00,100.69887323053194
2022-02-21T03:07:39.000+08:00,114.80451029581987
2022-02-21T03:59:15.000+08:00,75.26223375380246
2022-02-21T05:00:59.000+08:00,106.97434809452238
2022-02-21T05:12:29.000+08:00,107.75933505035934
2022-02-21T05:27:42.000+08:00,142.12510053149236
2022-02-21T07:49:12.000+08:00,79.15657794699362
2022-02-21T07:52:33.000+08:00,123.05124099823468
2022-02-21T08:11:22.000+08:00,82.3484127014577
2022-02-21T08:46:06.000+08:00,112.37919132410853
2022-02-21T09:37:32.000+08:00,81.58827254484592
2022-02-21T10:03:05.000+08:00,151.28807824557106
2022-02-21T10:32:08.000+08:00,139.2282949739914
2022-02-21T11:25:07.000+08:00,125.03672555360701
2022-02-21T11:47:00.000+08:00,96.63562406467116
2022-02-21T12:26:22.000+08:00,157.28153076214244
2022-02-21T14:01:56.000+08:00,138.11717099009883
2022-02-21T14:31:06.000+08:00,122.58876193422859
2022-02-21T16:01:59.000+08:00,99.57440449152985
2022-02-21T16:27:43.000+08:00,63.89842505214768
2022-02-21T17:57:22.000+08:00,110.96642430324434
2022-02-21T18:10:38.000+08:00,174.7307748033732
2022-02-21T18:36:32.000+08:00,167.67059994199207
2022-02-21T19:48:16.000+08:00,136.5725086476138
2022-02-21T20:18:29.000+08:00,157.96931726149322
2022-02-21T20:20:41.000+08:00,111.44828521124803
2022-02-21T21:18:16.000+08:00,150.3602867813292
2022-02-21T22:21:38.000+08:00,76.88724739108774
2022-02-21T23:02:53.000+08:00,128.54934909144055
2022-02-21T23:17:29.000+08:00,101.83880197287941
2022-02-22T00:28:43.000+08:00,126.74628713510904
2022-02-22T01:23:56.000+08:00,35.688981157006964
2022-02-22T01:41:15.000+08:00,121.01218535303589
2022-02-22T02:17:55.000+08:00,136.13817135763168
2022-02-22T03:18:49.000+08:00,100.14865912172903
2022-02-22T04:02:36.000+08:00,80.52138393709362
2022-02-22T05:04:57.000+08:00,140.14193714815679
2022-02-22T05:29:36.000+08:00,91.26916169764944
2022-02-22T06:42:01.000+08:00,129.98538945342654
2022-02-22T07:34:53.000+08:00,63.65925010274729
2022-02-22T07:46:52.000+08:00,115.76899361374569
2022-02-22T08:51:25.000+08:00,130.7292927351759
2022-02-22T09:27:53.000+08:00,113.98583943810571
2022-02-22T10:08:30.000+08:00,95.70769695579767
2022-02-22T10:27:24.000+08:00,72.87713576148445
2022-02-22T10:39:42.000+08:00,162.5578984584289
2022-02-22T11:10:56.000+08:00,100.12422509089711
2022-02-22T12:27:13.000+08:00,91.06276662136887
2022-02-22T13:17:23.000+08:00,126.08583738714871
2022-02-22T13:51:53.000+08:00,94.15052878687808
2022-02-22T15:49:11.000+08:00,145.41084421927226
2022-02-22T15:51:30.000+08:00,122.54597806478517
2022-02-22T16:18:28.000+08:00,106.48290059254632
2022-02-22T17:28:45.000+08:00,139.61178838740022
2022-02-22T18:21:54.000+08:00,98.18417239809398
2022-02-22T18:46:34.000+08:00,89.86643100867099
2022-02-22T20:15:44.000+08:00,124.95794554619576
2022-02-22T20:40:58.000+08:00,114.67667817829832
2022-02-22T21:43:44.000+08:00,31.418659327908358
2022-02-22T22:14:36.000+08:00,84.73465178507692
2022-02-22T22:40:10.000+08:00,70.69154890086413
2022-02-22T22:52:39.000+08:00,135.42949251674372
2022-02-23T00:09:44.000+08:00,149.57645841929207
2022-02-23T00:18:07.000+08:00,133.70773173459406
2022-02-23T01:28:43.000+08:00,72.98304124223701
2022-02-23T01:51:00.000+08:00,32.35977273151019
2022-02-23T03:26:13.000+08:00,110.9285212602443
2022-02-23T03:45:36.000+08:00,103.52218965847057
2022-02-23T03:51:07.000+08:00,76.46539560936608
2022-02-23T05:44:33.000+08:00,116.93982593110529
2022-02-23T06:01:51.000+08:00,122.5033426833944
2022-02-23T06:18:41.000+08:00,146.12293152767506
2022-02-23T07:09:58.000+08:00,76.9885446429233
2022-02-23T08:29:37.000+08:00,101.12778433860535
2022-02-23T08:44:41.000+08:00,156.679353406866
2022-02-23T09:35:22.000+08:00,101.23820300663822
2022-02-23T10:57:03.000+08:00,111.78943709971507
2022-02-23T12:05:03.000+08:00,115.50991877301777
2022-02-23T12:35:02.000+08:00,67.6646980195957
2022-02-23T12:57:28.000+08:00,94.056333187868
2022-02-23T13:40:25.000+08:00,121.35812643145758
2022-02-23T13:47:59.000+08:00,167.7124993106559
2022-02-23T14:43:41.000+08:00,113.46685796592982
2022-02-23T15:46:24.000+08:00,81.81077666725692
2022-02-23T16:11:53.000+08:00,53.79388765367609
2022-02-23T17:06:40.000+08:00,143.93951638183677
2022-02-23T18:17:41.000+08:00,66.51717246358834
2022-02-23T18:33:59.000+08:00,73.36124538995155
2022-02-23T19:12:58.000+08:00,69.76610494128695
2022-02-23T19:24:03.000+08:00,112.03687307128428
2022-02-23T20:17:38.000+08:00,93.67039334850976
2022-02-23T20:59:49.000+08:00,134.40620601945642
2022-02-23T22:49:08.000+08:00,120.49171555515298
2022-02-23T23:02:21.000+08:00,99.73432810844012
2022-02-23T23:06:17.000+08:00,129.80414656503237
