Time,stable
2022-01-23T23:19:43.000+08:00,9.868287651500289
2022-01-23T23:50:34.000+08:00,9.572659824029133
2022-01-24T01:53:58.000+08:00,11.667196852200487
2022-01-24T02:02:41.000+08:00,10.18596686170129
2022-01-24T02:34:41.000+08:00,9.980582772023594
2022-01-24T02:37:55.000+08:00,8.532668670008611
2022-01-24T03:25:30.000+08:00,9.664064684549366
2022-01-24T03:56:06.000+08:00,10.41724453905015
2022-01-24T05:38:40.000+08:00,9.850739733557575
2022-01-24T06:37:32.000+08:00,11.24314767148456
2022-01-24T08:44:33.000+08:00,8.240389152665012
2022-01-24T08:55:36.000+08:00,10.947486400117363
2022-01-24T09:27:56.000+08:00,8.859358811809358
2022-01-24T09:42:41.000+08:00,9.336133920285668
2022-01-24T10:11:35.000+08:00,10.757689131183058
2022-01-24T11:21:16.000+08:00,10.079923648982449
2022-01-24T11:28:44.000+08:00,11.080075143114717
2022-01-24T13:14:26.000+08:00,11.38830264602216
2022-01-24T13:19:57.000+08:00,10.051462732931029
2022-01-24T14:07:17.000+08:00,8.851593608208274
2022-01-24T15:50:26.000+08:00,10.816344008469015
2022-01-24T15:56:25.000+08:00,8.738669925984729
2022-01-24T16:21:34.000+08:00,11.402030177388923
2022-01-24T16:26:46.000+08:00,10.14715871432032
2022-01-24T17:31:11.000+08:00,9.801041355971279
2022-01-24T18:42:05.000+08:00,9.10699272322032
2022-01-24T19:09:18.000+08:00,10.0919433651766
2022-01-24T19:26:12.000+08:00,9.36033508925558
2022-01-24T20:00:36.000+08:00,11.13786818593881
2022-01-24T20:45:05.000+08:00,10.378502943380205
2022-01-24T21:19:37.000+08:00,10.688146317421513
2022-01-24T23:42:25.000+08:00,9.743430979206108
2022-01-24T23:51:23.000+08:00,9.408744743752827
2022-01-25T00:49:48.000+08:00,9.086339381029443
2022-01-25T01:37:12.000+08:00,8.709839395554418
2022-01-25T02:16:26.000+08:00,10.50018979653592
2022-01-25T02:39:13.000+08:00,11.330482892673812
2022-01-25T03:15:13.000+08:00,9.56155484396876
2022-01-25T04:24:57.000+08:00,8.142444817033155
2022-01-25T05:26:02.000+08:00,10.011755738501051
2022-01-25T06:50:10.000+08:00,10.460965485120875
2022-01-25T07:09:01.000+08:00,11.052184136356077
2022-01-25T07:13:26.000+08:00,11.321837915600193
2022-01-25T07:45:13.000+08:00,10.237900130347345
2022-01-25T09:32:20.000+08:00,10.1054509748828
2022-01-25T09:32:34.000+08:00,10.38630973467174
2022-01-25T09:32:55.000+08:00,9.263768576393348
2022-01-25T11:32:43.000+08:00,10.050677736526113
2022-01-25T11:43:13.000+08:00,10.882496197712378
2022-01-25T12:05:34.000+08:00,10.876940429094976
2022-01-25T12:23:34.000+08:00,9.876581831643936
2022-01-25T14:30:14.000+08:00,9.397651230486758
2022-01-25T14:39:48.000+08:00,9.912015243261495
2022-01-25T15:30:41.000+08:00,9.859796826627841
2022-01-25T16:37:03.000+08:00,10.465677253392064
2022-01-25T16:47:36.000+08:00,9.588004768346382
2022-01-25T17:52:20.000+08:00,11.14636207491882
2022-01-25T19:27:11.000+08:00,10.282449787748682
2022-01-25T19:48:05.000+08:00,11.149592718514185
2022-01-25T19:52:37.000+08:00,11.092909576221494
2022-01-25T21:05:09.000+08:00,9.080441869993018
2022-01-25T21:49:01.000+08:00,9.196876436174051
2022-01-25T23:16:10.000+08:00,11.213012129130854
2022-01-26T00:03:43.000+08:00,8.327466637588
2022-01-26T00:19:32.000+08:00,9.744096649860785
2022-01-26T00:20:01.000+08:00,10.66503270341361
2022-01-26T01:45:06.000+08:00,11.965026353117178
2022-01-26T01:46:56.000+08:00,9.932776529650576
2022-01-26T02:02:43.000+08:00,9.203051808015108
2022-01-26T03:21:38.000+08:00,9.143091372836263
2022-01-26T04:11:14.000+08:00,10.301456452121045
2022-01-26T05:19:16.000+08:00,10.301361377518626
2022-01-26T05:32:51.000+08:00,9.427790670029983
2022-01-26T05:42:40.000+08:00,10.360716472699545
2022-01-26T06:25:26.000+08:00,10.313591218147133
2022-01-26T07:43:22.000+08:00,9.987564995128821
2022-01-26T09:08:54.000+08:00,9.593533401521576
2022-01-26T09:33:54.000+08:00,9.083593812374032
2022-01-26T10:15:55.000+08:00,11.4750118992529
2022-01-26T11:08:33.000+08:00,9.581992296608115
2022-01-26T11:12:30.000+08:00,9.403655934111676
2022-01-26T11:21:02.000+08:00,9.012669643147696
2022-01-26T14:10:19.000+08:00,8.22071622082912
2022-01-26T14:14:31.000+08:00,10.118956316073577
2022-01-26T14:51:04.000+08:00,8.981555207473034
2022-01-26T15:36:09.000+08:00,9.612774258865807
2022-01-26T16:36:39.000+08:00,9.45802787464084
2022-01-26T16:37:53.000+08:00,11.283215482269563
2022-01-26T17:01:08.000+08:00,10.249901182795936
2022-01-26T18:47:20.000+08:00,8.945897884098823
2022-01-26T19:02:25.000+08:00,10.953324268301998
2022-01-26T19:27:25.000+08:00,10.868008525521963
2022-01-26T19:57:30.000+08:00,8.775051130016463
2022-01-26T20:24:59.000+08:00,9.436355713249618
2022-01-26T21:22:58.000+08:00,11.018891215707203
2022-01-26T23:09:29.000+08:00,9.318800133793939
2022-01-26T23:41:24.000+08:00,9.338814873637908
2022-01-27T00:10:20.000+08:00,9.474139077149147
2022-01-27T01:01:12.000+08:00,10.914853280212064
2022-01-27T01:22:03.000+08:00,10.182917698787362
2022-01-27T01:29:55.000+08:00,11.146297182882485
2022-01-27T02:49:00.000+08:00,8.895690821515393
2022-01-27T03:38:31.000+08:00,10.01457909610538
2022-01-27T03:45:57.000+08:00,10.684645403001095
2022-01-27T04:17:24.000+08:00,11.399271190451154
2022-01-27T05:10:53.000+08:00,9.439798778500808
2022-01-27T06:22:02.000+08:00,8.197650163110428
2022-01-27T06:54:49.000+08:00,7.345069564242703
2022-01-27T06:57:09.000+08:00,9.010734355922176
2022-01-27T08:50:22.000+08:00,10.069675470855799
2022-01-27T10:43:57.000+08:00,9.550414761017432
2022-01-27T10:50:54.000+08:00,10.07064250220031
2022-01-27T11:18:26.000+08:00,9.904071885689335
2022-01-27T11:58:51.000+08:00,10.4017531765389
2022-01-27T12:02:13.000+08:00,9.250504759396026
2022-01-27T12:20:23.000+08:00,10.348031952493727
2022-01-27T13:19:11.000+08:00,10.564871024862619
2022-01-27T13:50:44.000+08:00,9.766236376147015
2022-01-27T16:06:18.000+08:00,9.929530994758116
2022-01-27T17:11:20.000+08:00,9.799113177319946
2022-01-27T18:05:07.000+08:00,9.141627218969145
2022-01-27T18:45:09.000+08:00,10.97229619450026
2022-01-27T18:56:06.000+08:00,9.301740997910745
2022-01-27T20:06:05.000+08:00,10.065709158371085
2022-01-27T20:46:59.000+08:00,9.548462637038282
2022-01-27T21:09:56.000+08:00,11.196167569909438
2022-01-27T22:59:09.000+08:00,10.866101000056577
2022-01-27T23:06:24.000+08:00,8.788098908459654
2022-01-28T00:03:27.000+08:00,10.055045371450557
2022-01-28T00:15:24.000+08:00,11.0646199715113
2022-01-28T01:35:15.000+08:00,10.105409590103106
2022-01-28T01:36:45.000+08:00,10.668813579197844
2022-01-28T02:08:30.000+08:00,11.872999865978382
2022-01-28T03:17:00.000+08:00,6.604309398536378
2022-01-28T03:23:17.000+08:00,8.668766412097325
2022-01-28T04:04:20.000+08:00,9.477844796142321
2022-01-28T05:05:09.000+08:00,9.758984458084312
2022-01-28T05:55:26.000+08:00,8.78368035444976
2022-01-28T07:07:25.000+08:00,8.689227107514037
2022-01-28T07:52:42.000+08:00,9.856819612691961
2022-01-28T08:22:15.000+08:00,9.76285241997539
2022-01-28T08:31:39.000+08:00,9.962091806958693
2022-01-28T09:14:15.000+08:00,10.235728395542319
2022-01-28T10:37:37.000+08:00,11.537074424548788
2022-01-28T11:22:21.000+08:00,9.886627025027078
2022-01-28T11:42:39.000+08:00,11.214770963788062
2022-01-28T12:08:51.000+08:00,8.099883828471723
2022-01-28T12:51:48.000+08:00,11.438422233297578
2022-01-28T14:32:41.000+08:00,8.77747061751774
2022-01-28T14:48:00.000+08:00,9.927918820108504
2022-01-28T15:01:57.000+08:00,10.26499018025739
2022-01-28T17:07:07.000+08:00,10.046061449675769
2022-01-28T17:19:21.000+08:00,9.128187254991373
2022-01-28T17:57:06.000+08:00,10.655393367732389
2022-01-28T18:38:44.000+08:00,9.390985729450493
2022-01-28T19:10:43.000+08:00,9.691080805678983
2022-01-28T21:19:14.000+08:00,9.376563604016773
2022-01-28T21:24:48.000+08:00,10.868284270189301
2022-01-28T21:31:16.000+08:00,10.260886988278834
2022-01-28T21:48:22.000+08:00,11.41563681838296
2022-01-28T23:02:30.000+08:00,11.462719039461149
2022-01-28T23:26:36.000+08:00,9.656645474047197
2022-01-29T00:58:08.000+08:00,10.023013214535057
2022-01-29T01:14:32.000+08:00,11.142367891553922
2022-01-29T01:24:35.000+08:00,8.687495862729444
2022-01-29T02:12:14.000+08:00,10.308541138882493
2022-01-29T03:51:32.000+08:00,9.17179671297055
2022-01-29T04:05:08.000+08:00,9.232880276022296
2022-01-29T05:29:28.000+08:00,9.04231675254073
2022-01-29T05:32:58.000+08:00,12.311881262453992
2022-01-29T06:35:02.000+08:00,10.533081528853455
2022-01-29T06:53:21.000+08:00,10.35253371634116
2022-01-29T08:16:27.000+08:00,10.634382612726979
2022-01-29T09:15:41.000+08:00,11.068526125576744
2022-01-29T09:34:52.000+08:00,9.521151056358377
2022-01-29T10:12:26.000+08:00,10.549557784511336
2022-01-29T12:24:06.000+08:00,10.176188879340218
2022-01-29T13:03:26.000+08:00,9.59494076194072
2022-01-29T13:14:10.000+08:00,10.126170447755365
2022-01-29T13:20:47.000+08:00,8.755890426242773
2022-01-29T13:36:45.000+08:00,10.320933784861115
2022-01-29T15:20:52.000+08:00,11.132946732067033
2022-01-29T15:53:47.000+08:00,11.431399437925908
2022-01-29T15:57:33.000+08:00,9.355206047262886
2022-01-29T16:38:49.000+08:00,8.984492107934207
2022-01-29T17:28:11.000+08:00,10.813871892951845
2022-01-29T18:26:39.000+08:00,10.90774269767734
2022-01-29T19:23:53.000+08:00,9.86559279414251
2022-01-29T19:26:32.000+08:00,9.885176786942804
2022-01-29T20:09:48.000+08:00,10.39344784286267
2022-01-29T21:14:56.000+08:00,10.869125574537417
2022-01-29T21:54:02.000+08:00,9.74690798493517
2022-01-29T23:11:35.000+08:00,9.161427628239617
2022-01-29T23:22:23.000+08:00,12.495732140625575
2022-01-29T23:37:56.000+08:00,9.323125203967786
2022-01-30T00:55:34.000+08:00,9.710492793188347
2022-01-30T01:28:49.000+08:00,10.621562533266534
2022-01-30T03:02:52.000+08:00,11.027834078110597
2022-01-30T03:10:57.000+08:00,11.381192232560444
2022-01-30T04:32:08.000+08:00,9.814633780045508
2022-01-30T05:10:28.000+08:00,11.2857115996443
2022-01-30T05:44:02.000+08:00,11.303601456063468
2022-01-30T06:37:55.000+08:00,8.663645080361883
2022-01-30T06:58:39.000+08:00,10.460645998213991
2022-01-30T08:27:17.000+08:00,10.381108441105551
2022-01-30T08:46:11.000+08:00,10.226096097834589
2022-01-30T09:47:36.000+08:00,10.261914277497619
2022-01-30T10:17:21.000+08:00,9.31121610478444
2022-01-30T10:48:22.000+08:00,12.450937283934167
2022-01-30T11:07:36.000+08:00,9.868332944327017
2022-01-30T12:15:49.000+08:00,10.702880227052553
2022-01-30T14:27:52.000+08:00,10.479392439664938
2022-01-30T14:31:03.000+08:00,10.220371603079256
2022-01-30T15:22:17.000+08:00,8.991803103575146
2022-01-30T16:00:43.000+08:00,8.836511909588394
2022-01-30T16:33:52.000+08:00,8.540547480037892
2022-01-30T16:37:29.000+08:00,8.634921208222002
2022-01-30T17:57:52.000+08:00,10.323234263968429
2022-01-30T18:12:25.000+08:00,10.267022609308748
2022-01-30T19:03:22.000+08:00,10.462930625425168
2022-01-30T20:08:05.000+08:00,7.6505868299964455
2022-01-30T20:16:54.000+08:00,8.51032479122329
2022-01-30T22:02:25.000+08:00,11.217310013598116
2022-01-30T22:17:00.000+08:00,8.336579789217929
2022-01-30T22:21:05.000+08:00,10.941450168708517
2022-01-30T23:37:55.000+08:00,10.018232355508532
2022-01-30T23:56:32.000+08:00,8.245087765413617
2022-01-31T00:29:49.000+08:00,9.104934844394085
2022-01-31T01:50:02.000+08:00,10.222761958000344
2022-01-31T03:02:15.000+08:00,9.74952496454108
2022-01-31T03:47:23.000+08:00,11.197988221889338
2022-01-31T04:31:49.000+08:00,9.594036859855018
2022-01-31T04:34:37.000+08:00,9.01284996938301
2022-01-31T05:01:05.000+08:00,10.512132024502582
2022-01-31T05:48:55.000+08:00,9.94454492499243
2022-01-31T06:20:55.000+08:00,11.054476816936443
2022-01-31T06:36:44.000+08:00,10.115361733630673
2022-01-31T08:47:37.000+08:00,11.520981178990908
2022-01-31T09:25:16.000+08:00,9.405763043603718
2022-01-31T09:55:33.000+08:00,8.035117344198419
2022-01-31T09:58:41.000+08:00,9.372335908837755
2022-01-31T10:02:43.000+08:00,9.063105300916096
2022-01-31T13:15:54.000+08:00,11.322056716200976
2022-01-31T13:17:00.000+08:00,9.348646941531765
2022-01-31T13:35:47.000+08:00,9.290508201243357
2022-01-31T15:46:27.000+08:00,9.865220310368858
2022-01-31T15:53:49.000+08:00,9.792731142447495
2022-01-31T16:01:18.000+08:00,10.946283019518809
2022-01-31T16:51:52.000+08:00,10.879510341451377
2022-01-31T16:57:09.000+08:00,11.890468705513996
2022-01-31T17:25:52.000+08:00,11.580328865467663
2022-01-31T18:51:38.000+08:00,10.927748074956432
2022-01-31T19:51:06.000+08:00,10.049112889683077
2022-01-31T21:22:19.000+08:00,7.7658633771324475
2022-01-31T22:38:21.000+08:00,10.187344689023064
2022-01-31T22:44:12.000+08:00,11.163248903083726
2022-01-31T22:53:13.000+08:00,11.332524524725393
2022-01-31T22:59:13.000+08:00,9.984137119636276
2022-01-31T23:21:39.000+08:00,10.393239825723837
2022-02-01T00:56:05.000+08:00,10.3543574980937
2022-02-01T01:27:50.000+08:00,8.74602259090871
2022-02-01T02:48:17.000+08:00,8.377206879883955
2022-02-01T03:35:11.000+08:00,11.018878203668365
2022-02-01T04:17:29.000+08:00,11.202186136295913
2022-02-01T04:23:33.000+08:00,10.714664267652891
2022-02-01T04:52:06.000+08:00,8.798805692250754
2022-02-01T05:26:06.000+08:00,10.533635920700899
2022-02-01T06:54:11.000+08:00,10.579723984346574
2022-02-01T07:10:31.000+08:00,8.223407210736253
2022-02-01T07:37:42.000+08:00,10.47944395730349
2022-02-01T09:51:50.000+08:00,10.232617453122137
2022-02-01T09:55:29.000+08:00,7.504135137834111
2022-02-01T10:14:34.000+08:00,8.84414592180875
2022-02-01T10:56:32.000+08:00,10.693061457928946
2022-02-01T11:56:18.000+08:00,12.360418977263755
2022-02-01T12:25:25.000+08:00,7.751683950288021
2022-02-01T13:04:43.000+08:00,11.156760398084288
2022-02-01T15:58:54.000+08:00,8.660221687653086
2022-02-01T16:06:17.000+08:00,8.806949213432343
2022-02-01T16:12:50.000+08:00,9.497552461109656
2022-02-01T16:52:04.000+08:00,9.059228061429263
2022-02-01T17:21:11.000+08:00,9.823108747548426
2022-02-01T18:07:49.000+08:00,10.177927806636964
2022-02-01T18:37:45.000+08:00,9.918831962378105
2022-02-01T18:40:20.000+08:00,10.965009033848258
2022-02-01T20:28:19.000+08:00,9.573012504374121
2022-02-01T21:47:51.000+08:00,9.615342853087672
2022-02-01T22:54:48.000+08:00,9.444767196977663
2022-02-01T23:19:13.000+08:00,8.633118210509455
2022-02-01T23:29:14.000+08:00,8.560706361076384
2022-02-01T23:57:18.000+08:00,10.515829603882455
2022-02-02T00:25:07.000+08:00,10.172019826203101
2022-02-02T02:09:56.000+08:00,9.500348133879
2022-02-02T02:55:36.000+08:00,9.266604777875774
2022-02-02T03:13:30.000+08:00,10.270189797386601
2022-02-02T03:35:15.000+08:00,9.692087990819621
2022-02-02T03:35:18.000+08:00,12.084471957192493
2022-02-02T04:57:17.000+08:00,9.69666248837744
2022-02-02T05:24:12.000+08:00,9.721314054938569
2022-02-02T06:33:35.000+08:00,12.3659033739698
2022-02-02T06:46:26.000+08:00,9.886621384943707
2022-02-02T07:34:17.000+08:00,10.61567182758269
2022-02-02T08:00:20.000+08:00,9.182045276008878
2022-02-02T09:23:21.000+08:00,7.829634382278661
2022-02-02T10:09:48.000+08:00,10.06061411298979
2022-02-02T10:51:56.000+08:00,9.507469126411937
2022-02-02T11:20:06.000+08:00,9.863520084811803
2022-02-02T13:21:35.000+08:00,9.59666291543712
2022-02-02T13:22:33.000+08:00,10.38793716657879
2022-02-02T13:43:14.000+08:00,10.722833613337395
2022-02-02T14:15:49.000+08:00,9.096684344204835
2022-02-02T16:41:38.000+08:00,11.139367030014446
2022-02-02T16:59:41.000+08:00,9.113077101066759
2022-02-02T17:29:22.000+08:00,9.764136234953765
2022-02-02T18:13:49.000+08:00,10.039261481174767
2022-02-02T18:26:52.000+08:00,11.219768528154814
2022-02-02T18:59:34.000+08:00,10.461207327510314
2022-02-02T20:07:29.000+08:00,11.714098701402394
2022-02-02T20:51:43.000+08:00,12.146695034759453
2022-02-02T21:00:55.000+08:00,11.432671574972304
2022-02-02T22:47:31.000+08:00,9.147957026848049
2022-02-02T23:07:25.000+08:00,10.771085533681873
2022-02-02T23:58:24.000+08:00,9.69894100205112
2022-02-03T01:11:05.000+08:00,9.546431602033683
2022-02-03T01:26:19.000+08:00,11.452903696969383
2022-02-03T02:48:05.000+08:00,9.300383912909446
2022-02-03T03:04:31.000+08:00,10.58110471552023
2022-02-03T04:12:24.000+08:00,9.988857691671347
2022-02-03T04:42:16.000+08:00,10.838734241004326
2022-02-03T05:27:37.000+08:00,8.794010381154475
2022-02-03T06:00:22.000+08:00,9.76851956448296
2022-02-03T06:02:21.000+08:00,9.298363705346091
2022-02-03T06:12:30.000+08:00,11.06726829221886
2022-02-03T08:35:33.000+08:00,9.844642289965654
2022-02-03T08:40:33.000+08:00,12.250368714394806
2022-02-03T10:30:56.000+08:00,10.703787696772297
2022-02-03T10:43:49.000+08:00,10.308636485582758
2022-02-03T11:03:49.000+08:00,11.100606674735854
2022-02-03T12:06:47.000+08:00,8.350830169789516
2022-02-03T12:12:58.000+08:00,11.278501142307753
2022-02-03T13:05:04.000+08:00,10.612543893440176
2022-02-03T14:19:20.000+08:00,9.847267325563598
2022-02-03T14:45:16.000+08:00,9.307435774062046
2022-02-03T15:47:35.000+08:00,9.84557146938623
2022-02-03T16:34:19.000+08:00,8.581431218237945
2022-02-03T17:18:13.000+08:00,10.63800937977918
2022-02-03T18:16:12.000+08:00,10.81632289853945
2022-02-03T18:37:31.000+08:00,7.659415837923194
2022-02-03T18:56:24.000+08:00,9.338574869505544
2022-02-03T19:21:54.000+08:00,10.760690382597451
2022-02-03T21:07:24.000+08:00,10.403326735901386
2022-02-03T21:39:57.000+08:00,10.633127333227213
2022-02-03T21:58:01.000+08:00,11.122410036556516
2022-02-03T22:53:01.000+08:00,10.352876749333623
2022-02-03T23:29:39.000+08:00,10.402112939895485
2022-02-03T23:32:22.000+08:00,12.282334458421255
2022-02-04T01:12:16.000+08:00,9.763874027106558
2022-02-04T01:32:07.000+08:00,11.163006699151543
2022-02-04T01:44:02.000+08:00,10.222111532923618
2022-02-04T03:09:22.000+08:00,8.765958052703606
2022-02-04T04:12:31.000+08:00,10.289009782251568
2022-02-04T04:25:49.000+08:00,9.654863635065885
2022-02-04T04:51:19.000+08:00,11.174989226796725
2022-02-04T06:50:04.000+08:00,10.945478693222032
2022-02-04T06:57:16.000+08:00,10.070520889837946
2022-02-04T07:40:40.000+08:00,10.728721436274231
2022-02-04T07:56:58.000+08:00,9.142401588131294
2022-02-04T10:33:00.000+08:00,8.198435601720249
2022-02-04T10:39:47.000+08:00,10.484320529868079
2022-02-04T10:56:29.000+08:00,9.171829044145332
2022-02-04T11:51:48.000+08:00,10.668850315000777
2022-02-04T11:55:35.000+08:00,10.257990839688212
2022-02-04T13:15:04.000+08:00,7.766114539518241
2022-02-04T14:18:30.000+08:00,10.465771940367084
2022-02-04T14:39:51.000+08:00,10.564940224431705
2022-02-04T15:25:42.000+08:00,9.9491587949998
2022-02-04T15:25:59.000+08:00,12.002606973631279
2022-02-04T16:59:40.000+08:00,11.157813743196698
2022-02-04T17:06:32.000+08:00,9.347285522920405
2022-02-04T17:17:01.000+08:00,11.755397479209742
2022-02-04T19:32:05.000+08:00,11.746480991288522
2022-02-04T20:00:37.000+08:00,10.934048286753148
2022-02-04T20:01:04.000+08:00,9.37101593360777
2022-02-04T21:43:43.000+08:00,10.674110160022678
2022-02-04T22:03:05.000+08:00,10.842304723821984
2022-02-04T22:28:51.000+08:00,10.009522690426683
2022-02-04T23:28:15.000+08:00,9.168334382756676
2022-02-05T00:04:01.000+08:00,9.918203987025501
2022-02-05T00:51:10.000+08:00,9.155023935622445
2022-02-05T01:30:51.000+08:00,10.274320565715234
2022-02-05T03:12:26.000+08:00,12.112498260021251
2022-02-05T04:23:26.000+08:00,8.614586883220742
2022-02-05T04:33:16.000+08:00,9.37272159442102
2022-02-05T04:57:05.000+08:00,10.829673745226554
2022-02-05T05:16:28.000+08:00,11.370009368918142
2022-02-05T07:10:33.000+08:00,9.248110867118267
2022-02-05T07:17:10.000+08:00,10.66217206557213
2022-02-05T07:40:23.000+08:00,10.46796694317026
2022-02-05T08:24:54.000+08:00,9.920762636302072
2022-02-05T08:41:44.000+08:00,10.909572743424159
2022-02-05T09:44:21.000+08:00,10.04197605917595
2022-02-05T10:01:58.000+08:00,9.821760684637738
2022-02-05T12:03:24.000+08:00,11.286719167835935
2022-02-05T12:11:48.000+08:00,10.083925132072979
2022-02-05T13:17:43.000+08:00,8.812971622061378
2022-02-05T13:50:18.000+08:00,9.424163522532105
2022-02-05T14:09:27.000+08:00,9.732169949319788
2022-02-05T14:51:34.000+08:00,10.430031269340748
2022-02-05T15:09:15.000+08:00,8.394383668201748
2022-02-05T17:04:19.000+08:00,11.116152615944031
2022-02-05T17:20:57.000+08:00,10.68974366671811
2022-02-05T18:08:42.000+08:00,10.854837246364092
2022-02-05T18:33:00.000+08:00,10.63614044915529
2022-02-05T18:58:07.000+08:00,10.193726208691173
2022-02-05T20:26:02.000+08:00,10.144145735297556
2022-02-05T21:06:37.000+08:00,11.362760699759619
2022-02-05T21:53:13.000+08:00,8.905915270722325
2022-02-05T22:58:06.000+08:00,9.609270586912807
2022-02-05T23:36:21.000+08:00,10.797074575814445
2022-02-06T00:21:41.000+08:00,10.466496257157898
2022-02-06T00:29:04.000+08:00,11.88809246560251
2022-02-06T01:06:27.000+08:00,9.897397621372399
2022-02-06T02:04:01.000+08:00,12.078629005867615
2022-02-06T03:48:22.000+08:00,10.089785326789269
2022-02-06T03:55:22.000+08:00,11.087736014507618
2022-02-06T04:16:56.000+08:00,10.020768123463352
2022-02-06T04:18:01.000+08:00,9.37870872386953
2022-02-06T05:35:23.000+08:00,9.869998303063564
2022-02-06T07:37:12.000+08:00,9.494991621284015
2022-02-06T07:38:04.000+08:00,10.447470896739617
2022-02-06T08:44:53.000+08:00,10.97908574596101
2022-02-06T09:21:04.000+08:00,8.556545288026054
2022-02-06T09:33:44.000+08:00,9.991006208737833
2022-02-06T09:56:23.000+08:00,10.330369262090343
2022-02-06T10:10:10.000+08:00,8.385574046345738
2022-02-06T12:12:28.000+08:00,11.405816514116927
2022-02-06T12:15:14.000+08:00,9.950513913559837
2022-02-06T13:00:28.000+08:00,10.232039193921105
2022-02-06T13:32:04.000+08:00,11.769778841595196
2022-02-06T15:04:50.000+08:00,10.210595414398059
2022-02-06T15:27:05.000+08:00,8.91750073094269
2022-02-06T15:55:07.000+08:00,10.283651426751739
2022-02-06T16:41:29.000+08:00,9.44575348181453
2022-02-06T18:39:36.000+08:00,11.126898944060017
2022-02-06T19:00:04.000+08:00,11.399357695742777
2022-02-06T19:02:11.000+08:00,7.916291421738361
2022-02-06T20:06:39.000+08:00,12.899445755027582
2022-02-06T20:50:02.000+08:00,12.128221593096606
2022-02-06T21:48:56.000+08:00,11.086680055046365
2022-02-06T22:05:10.000+08:00,8.602650027324742
2022-02-06T22:35:21.000+08:00,7.280463363682295
2022-02-07T00:02:00.000+08:00,10.527026507919633
2022-02-07T00:04:34.000+08:00,10.475947185281061
2022-02-07T01:24:50.000+08:00,10.457590489767211
2022-02-07T01:48:19.000+08:00,9.992313884799813
2022-02-07T02:04:00.000+08:00,10.40162472560428
2022-02-07T03:46:17.000+08:00,10.831645648503596
2022-02-07T04:02:11.000+08:00,10.321312409056919
2022-02-07T05:03:06.000+08:00,10.329870438547417
2022-02-07T06:05:45.000+08:00,9.521465503898172
2022-02-07T06:24:22.000+08:00,10.216881222385233
2022-02-07T06:28:26.000+08:00,9.757946891556168
2022-02-07T08:20:00.000+08:00,9.965129164318553
2022-02-07T08:26:06.000+08:00,10.97410957676493
2022-02-07T10:00:06.000+08:00,11.412657382712533
2022-02-07T10:08:05.000+08:00,9.745714165311995
2022-02-07T11:24:44.000+08:00,8.454340692829339
2022-02-07T11:41:35.000+08:00,10.804198383544069
2022-02-07T13:13:45.000+08:00,11.882109902703732
2022-02-07T13:59:09.000+08:00,11.207768787729197
2022-02-07T14:02:23.000+08:00,12.26862283586214
2022-02-07T15:35:13.000+08:00,8.167167504464086
2022-02-07T15:42:58.000+08:00,9.864948551040797
2022-02-07T16:16:02.000+08:00,12.222095588469537
2022-02-07T17:52:29.000+08:00,9.635213989991033
2022-02-07T17:54:48.000+08:00,9.1464763631569
2022-02-07T18:20:41.000+08:00,9.697302749932309
2022-02-07T20:05:46.000+08:00,12.082993287452968
2022-02-07T20:15:45.000+08:00,10.138477480670405
2022-02-07T20:26:38.000+08:00,10.2700036086485
2022-02-07T20:31:08.000+08:00,11.337601922076512
2022-02-07T22:13:26.000+08:00,9.38115090715279
2022-02-07T23:45:49.000+08:00,9.21098585799741
2022-02-08T00:16:19.000+08:00,10.662907492515943
2022-02-08T00:25:05.000+08:00,10.870630041644429
2022-02-08T00:26:15.000+08:00,9.702542213096432
2022-02-08T02:45:36.000+08:00,11.467273333595115
2022-02-08T03:16:31.000+08:00,10.055882147763295
2022-02-08T03:37:46.000+08:00,8.53178360877177
2022-02-08T04:11:45.000+08:00,9.215082481640437
2022-02-08T04:39:12.000+08:00,11.005499276626548
2022-02-08T05:22:17.000+08:00,9.01177971308705
2022-02-08T05:55:02.000+08:00,10.48737783452735
2022-02-08T07:35:51.000+08:00,8.91271481424934
2022-02-08T07:44:28.000+08:00,10.462703616980487
2022-02-08T08:32:13.000+08:00,10.472463110228956
2022-02-08T09:34:55.000+08:00,10.785954876007406
2022-02-08T10:05:59.000+08:00,8.873813325845944
2022-02-08T10:30:46.000+08:00,10.165954514657031
2022-02-08T11:07:48.000+08:00,9.584104844875057
2022-02-08T12:37:59.000+08:00,11.584061348045369
2022-02-08T13:16:07.000+08:00,11.240790182858214
2022-02-08T13:40:04.000+08:00,11.058370454584274
2022-02-08T14:40:05.000+08:00,10.35963695493234
2022-02-08T15:35:00.000+08:00,10.602281629847424
2022-02-08T16:15:41.000+08:00,8.547409807250137
2022-02-08T17:14:58.000+08:00,9.7615927492314
2022-02-08T18:05:50.000+08:00,8.310317415376367
2022-02-08T18:25:10.000+08:00,8.941582949126218
2022-02-08T19:54:35.000+08:00,11.672588057824738
2022-02-08T19:55:18.000+08:00,10.251429829525085
2022-02-08T20:32:27.000+08:00,9.904258530894651
2022-02-08T22:17:41.000+08:00,9.9404327724231
2022-02-08T22:23:44.000+08:00,11.4099718526972
2022-02-08T22:43:22.000+08:00,10.495699331530828
2022-02-08T23:06:51.000+08:00,9.365058415171724
2022-02-09T00:21:16.000+08:00,9.383522283987414
2022-02-09T00:57:46.000+08:00,11.99776347481364
2022-02-09T01:16:25.000+08:00,10.416267022676953
2022-02-09T02:24:42.000+08:00,9.550026761738888
2022-02-09T03:04:23.000+08:00,10.429313585074064
2022-02-09T04:35:15.000+08:00,10.8560491823527
2022-02-09T05:47:42.000+08:00,8.81325357687166
2022-02-09T05:49:44.000+08:00,7.15286439410779
2022-02-09T06:06:36.000+08:00,10.280885938845133
2022-02-09T06:43:46.000+08:00,10.232444078144463
2022-02-09T07:16:36.000+08:00,10.289310491570436
2022-02-09T07:59:08.000+08:00,10.485424028580802
2022-02-09T08:44:48.000+08:00,9.936885228332457
2022-02-09T08:49:59.000+08:00,10.063866811220459
2022-02-09T10:40:10.000+08:00,9.085084740799095
2022-02-09T10:44:32.000+08:00,8.128124389704912
2022-02-09T12:24:20.000+08:00,9.513504826967909
2022-02-09T13:11:43.000+08:00,10.035909416649906
2022-02-09T14:10:30.000+08:00,11.587719882978519
2022-02-09T14:29:00.000+08:00,10.1413039064952
2022-02-09T15:19:08.000+08:00,9.767850465750353
2022-02-09T16:32:02.000+08:00,10.46905754303342
2022-02-09T17:18:53.000+08:00,9.629153354676218
2022-02-09T18:13:15.000+08:00,8.910439493178258
2022-02-09T18:16:33.000+08:00,9.09757605012898
2022-02-09T18:28:16.000+08:00,8.441573323348205
2022-02-09T20:13:05.000+08:00,10.626738311108921
2022-02-09T20:22:37.000+08:00,10.820725345808361
2022-02-09T20:53:13.000+08:00,9.817332494578315
2022-02-09T21:03:51.000+08:00,9.820190594652159
2022-02-09T22:21:50.000+08:00,8.802272800272126
2022-02-09T22:23:03.000+08:00,9.707795762043778
2022-02-09T23:21:01.000+08:00,11.410306979899266
2022-02-10T00:36:08.000+08:00,11.305573949658926
2022-02-10T02:11:59.000+08:00,10.81236098339396
2022-02-10T03:18:35.000+08:00,6.999013160924319
2022-02-10T03:23:20.000+08:00,10.543056501795974
2022-02-10T03:40:31.000+08:00,10.20966298272039
2022-02-10T03:59:46.000+08:00,10.256168760465014
2022-02-10T05:22:08.000+08:00,10.908691486902445
2022-02-10T05:27:14.000+08:00,11.241579625456584
2022-02-10T06:20:28.000+08:00,10.820898351786417
2022-02-10T07:21:36.000+08:00,9.296828666777808
2022-02-10T07:34:39.000+08:00,10.662915638859298
2022-02-10T08:37:01.000+08:00,10.171544478975985
2022-02-10T09:51:19.000+08:00,9.890372155747034
2022-02-10T09:53:09.000+08:00,10.520622788694052
2022-02-10T10:58:31.000+08:00,9.837594121951128
2022-02-10T11:42:35.000+08:00,9.199479520123157
2022-02-10T13:01:59.000+08:00,9.85239715374055
2022-02-10T13:37:13.000+08:00,10.605763789005493
2022-02-10T13:42:46.000+08:00,10.25971530547532
2022-02-10T14:12:54.000+08:00,8.951357613615576
2022-02-10T15:17:35.000+08:00,9.656027596069839
2022-02-10T16:08:40.000+08:00,10.182388216590036
2022-02-10T16:37:39.000+08:00,10.25801375791345
2022-02-10T18:24:07.000+08:00,9.888478049209652
2022-02-10T19:56:43.000+08:00,10.541273601238302
2022-02-10T20:01:14.000+08:00,9.770289867340251
2022-02-10T20:38:48.000+08:00,10.060538177019314
2022-02-10T20:48:38.000+08:00,10.094340735946158
2022-02-10T21:21:18.000+08:00,11.118211271831905
2022-02-10T21:53:25.000+08:00,10.231671813092989
2022-02-10T23:37:23.000+08:00,11.281054533983685
2022-02-11T00:03:33.000+08:00,10.89653338355984
2022-02-11T00:47:48.000+08:00,9.415736085568442
2022-02-11T01:00:14.000+08:00,11.228719413466509
2022-02-11T03:01:46.000+08:00,9.529337819968436
2022-02-11T03:36:25.000+08:00,11.018040969315543
2022-02-11T03:52:56.000+08:00,11.291420353679396
2022-02-11T04:18:44.000+08:00,8.888161017743492
2022-02-11T05:20:14.000+08:00,9.623978044534773
2022-02-11T06:02:41.000+08:00,11.195394367212286
2022-02-11T06:45:23.000+08:00,9.177147654428065
2022-02-11T08:02:21.000+08:00,10.084800408105474
2022-02-11T08:08:43.000+08:00,10.241822401322741
2022-02-11T09:23:45.000+08:00,10.108435667937702
2022-02-11T09:58:41.000+08:00,9.83443445861727
2022-02-11T10:04:37.000+08:00,11.7297812180902
2022-02-11T10:47:35.000+08:00,10.622629433516027
2022-02-11T12:35:58.000+08:00,9.085430020195759
2022-02-11T12:37:12.000+08:00,10.223036669827701
2022-02-11T13:02:34.000+08:00,10.629409928567705
2022-02-11T13:07:40.000+08:00,9.628075128306332
2022-02-11T14:23:59.000+08:00,10.649008874354035
2022-02-11T15:31:39.000+08:00,10.93840572029165
2022-02-11T16:20:49.000+08:00,9.54354874399579
2022-02-11T16:48:51.000+08:00,9.945279473303755
2022-02-11T17:25:50.000+08:00,9.614764118344548
2022-02-11T18:24:33.000+08:00,7.234544608639698
2022-02-11T19:26:40.000+08:00,11.135200317508756
2022-02-11T20:13:26.000+08:00,9.817629714664935
2022-02-11T20:57:30.000+08:00,8.656254473094824
2022-02-11T22:17:54.000+08:00,9.972355104190955
2022-02-11T22:54:34.000+08:00,9.949730125775575
2022-02-11T23:25:24.000+08:00,9.80948636662684
2022-02-12T00:18:11.000+08:00,9.808680776821607
2022-02-12T00:25:54.000+08:00,10.874110892853427
2022-02-12T00:57:40.000+08:00,9.045878862703935
2022-02-12T01:25:31.000+08:00,10.601874223976212
2022-02-12T02:05:13.000+08:00,9.469952110432992
2022-02-12T03:37:51.000+08:00,10.793020434654915
2022-02-12T05:07:12.000+08:00,10.330481471166543
2022-02-12T05:50:07.000+08:00,9.82937970314602
2022-02-12T05:52:36.000+08:00,9.734801677698101
2022-02-12T06:44:16.000+08:00,10.119761038041034
2022-02-12T06:57:33.000+08:00,8.714835767172213
2022-02-12T08:49:50.000+08:00,11.195312537058102
2022-02-12T08:58:23.000+08:00,10.82161854135394
2022-02-12T10:01:15.000+08:00,10.727828986871524
2022-02-12T10:25:00.000+08:00,9.441488313870655
2022-02-12T10:41:56.000+08:00,10.980931987631182
2022-02-12T11:31:48.000+08:00,9.410955539967482
2022-02-12T12:47:09.000+08:00,10.524614038692269
2022-02-12T13:40:19.000+08:00,7.616171211027719
2022-02-12T14:37:26.000+08:00,9.487690904927156
2022-02-12T14:51:32.000+08:00,10.712326250206067
2022-02-12T15:26:49.000+08:00,9.682335699642124
2022-02-12T15:36:24.000+08:00,10.415845333517401
2022-02-12T16:42:43.000+08:00,7.637721463598538
2022-02-12T17:35:42.000+08:00,7.930432637920289
2022-02-12T18:40:49.000+08:00,10.106269053520178
2022-02-12T18:46:57.000+08:00,10.94854279403967
2022-02-12T19:18:00.000+08:00,10.908214765951225
2022-02-12T20:39:11.000+08:00,10.525986735291935
2022-02-12T21:05:38.000+08:00,10.124526073830076
2022-02-12T23:00:47.000+08:00,8.249753357107469
2022-02-12T23:07:24.000+08:00,10.915762359885546
2022-02-12T23:30:04.000+08:00,11.800142786463587
2022-02-12T23:43:11.000+08:00,10.22368251192532
2022-02-13T00:40:28.000+08:00,11.124912376808606
2022-02-13T01:07:25.000+08:00,9.194276440950853
2022-02-13T03:29:20.000+08:00,9.379022525364318
2022-02-13T03:31:57.000+08:00,9.828993585198695
2022-02-13T04:00:30.000+08:00,9.9669087517077
2022-02-13T04:10:43.000+08:00,10.7318630617361
2022-02-13T05:11:04.000+08:00,8.761463398506764
2022-02-13T06:12:27.000+08:00,10.825340628912109
2022-02-13T06:17:27.000+08:00,10.830014996082546
2022-02-13T07:18:07.000+08:00,11.850126932231799
2022-02-13T08:33:35.000+08:00,10.48796373313218
2022-02-13T09:44:12.000+08:00,10.039456818275713
2022-02-13T10:49:14.000+08:00,8.438884799501922
2022-02-13T12:00:52.000+08:00,10.02264907821107
2022-02-13T12:13:22.000+08:00,9.592061434664071
2022-02-13T12:18:41.000+08:00,9.703071560599028
2022-02-13T12:24:34.000+08:00,8.237128241805559
2022-02-13T14:06:45.000+08:00,8.67060626802448
2022-02-13T14:52:54.000+08:00,9.847189634972073
2022-02-13T15:19:46.000+08:00,10.930735241687982
2022-02-13T15:47:14.000+08:00,9.75025777140986
2022-02-13T16:41:52.000+08:00,10.246252060446462
2022-02-13T18:14:31.000+08:00,8.65576287167384
2022-02-13T18:52:29.000+08:00,8.189138763668517
2022-02-13T18:53:20.000+08:00,10.028358178568105
2022-02-13T19:15:02.000+08:00,9.304430856095253
2022-02-13T20:13:53.000+08:00,10.018625547785694
2022-02-13T20:16:02.000+08:00,9.11849397581344
2022-02-13T22:03:58.000+08:00,9.876980515580609
2022-02-13T22:31:26.000+08:00,10.930166942727093
2022-02-13T23:14:31.000+08:00,9.43659347649904
2022-02-13T23:19:13.000+08:00,8.685923036925196
2022-02-14T01:18:44.000+08:00,9.248275927558206
2022-02-14T02:15:31.000+08:00,11.590813854468484
2022-02-14T02:47:38.000+08:00,10.040056888127662
2022-02-14T02:48:59.000+08:00,7.992845320202635
2022-02-14T03:26:56.000+08:00,9.501181146585251
2022-02-14T03:43:54.000+08:00,10.907537967907377
2022-02-14T05:55:38.000+08:00,10.050359722918545
2022-02-14T06:26:51.000+08:00,9.406190838574679
2022-02-14T06:39:20.000+08:00,10.585693056209552
2022-02-14T07:48:51.000+08:00,10.91222414598823
2022-02-14T08:01:06.000+08:00,10.939928065180663
2022-02-14T08:37:50.000+08:00,10.217460510604516
2022-02-14T09:28:27.000+08:00,8.931400284646948
2022-02-14T09:29:50.000+08:00,9.15633534173185
2022-02-14T11:18:08.000+08:00,9.788521295339802
2022-02-14T11:24:47.000+08:00,9.494970499805833
2022-02-14T12:44:51.000+08:00,9.992950245978149
2022-02-14T13:03:58.000+08:00,12.366513936658075
2022-02-14T14:05:44.000+08:00,10.352132889279572
2022-02-14T14:46:34.000+08:00,8.964078550662013
2022-02-14T16:42:48.000+08:00,11.811751394432383
2022-02-14T17:06:54.000+08:00,10.04303701883374
2022-02-14T17:44:34.000+08:00,10.917886276076334
2022-02-14T17:57:48.000+08:00,11.18499821733838
2022-02-14T18:52:21.000+08:00,9.611089018258326
2022-02-14T19:30:43.000+08:00,10.118973981073333
2022-02-14T19:50:52.000+08:00,8.523443247716918
2022-02-14T19:59:25.000+08:00,12.035963760250915
2022-02-14T21:59:45.000+08:00,8.37504236246874
2022-02-14T22:14:30.000+08:00,9.366105203834548
2022-02-14T23:43:03.000+08:00,9.824936782166237
2022-02-15T00:41:59.000+08:00,9.948743869640877
2022-02-15T00:42:26.000+08:00,7.882803048200863
2022-02-15T01:00:13.000+08:00,8.877993415439924
2022-02-15T02:20:19.000+08:00,8.860522995122004
2022-02-15T03:01:55.000+08:00,12.14581990140875
2022-02-15T03:06:23.000+08:00,10.583843476442153
2022-02-15T03:14:30.000+08:00,8.814722806537606
2022-02-15T04:35:55.000+08:00,10.957257599503702
2022-02-15T05:51:36.000+08:00,11.284610071609983
2022-02-15T06:56:48.000+08:00,9.042916445058822
2022-02-15T08:37:30.000+08:00,11.545166721435063
2022-02-15T08:47:59.000+08:00,12.097400349951432
2022-02-15T08:55:37.000+08:00,10.050167538092888
2022-02-15T09:58:26.000+08:00,9.090772280413471
2022-02-15T10:30:07.000+08:00,10.70408982310685
2022-02-15T11:08:54.000+08:00,10.512562130085652
2022-02-15T11:44:59.000+08:00,10.020647347085955
2022-02-15T11:59:13.000+08:00,9.870938752580832
2022-02-15T13:17:21.000+08:00,9.464967112916856
2022-02-15T13:19:09.000+08:00,9.735059831312034
2022-02-15T14:31:23.000+08:00,11.237641224915098
2022-02-15T15:15:04.000+08:00,9.531310219700133
2022-02-15T16:22:18.000+08:00,9.68434465436276
2022-02-15T16:25:06.000+08:00,10.014152509796844
2022-02-15T16:56:25.000+08:00,9.979922616044623
2022-02-15T18:59:35.000+08:00,10.06976194871272
2022-02-15T19:50:01.000+08:00,8.424364491855043
2022-02-15T20:21:21.000+08:00,10.654322401540671
2022-02-15T21:01:39.000+08:00,9.275853789800719
2022-02-15T21:47:45.000+08:00,11.32089350516112
2022-02-15T22:15:12.000+08:00,8.26583207969671
2022-02-15T22:17:22.000+08:00,10.24993731626136
2022-02-15T23:05:21.000+08:00,10.956979342043892
2022-02-16T00:16:40.000+08:00,8.983465925430114
2022-02-16T01:34:55.000+08:00,11.312339071131335
2022-02-16T01:48:53.000+08:00,8.432452970442109
2022-02-16T01:58:43.000+08:00,9.491216789207938
2022-02-16T04:13:28.000+08:00,9.361993591502975
2022-02-16T04:35:31.000+08:00,10.358658521918747
2022-02-16T05:04:56.000+08:00,8.86611686834868
2022-02-16T05:51:05.000+08:00,10.088910100927917
2022-02-16T06:43:00.000+08:00,10.492185838424497
2022-02-16T07:19:26.000+08:00,10.175321469171518
2022-02-16T08:12:03.000+08:00,10.67200266681024
2022-02-16T08:44:10.000+08:00,10.218414197832967
2022-02-16T09:09:17.000+08:00,9.986982897538411
2022-02-16T10:02:09.000+08:00,10.25554276106243
2022-02-16T11:00:09.000+08:00,10.657128361685452
2022-02-16T12:09:17.000+08:00,9.662539568480705
2022-02-16T12:23:49.000+08:00,9.769781200466225
2022-02-16T13:19:44.000+08:00,10.344420964634388
2022-02-16T13:41:53.000+08:00,7.409156399324409
2022-02-16T14:51:29.000+08:00,12.58095998371838
2022-02-16T15:30:20.000+08:00,10.022766741844046
2022-02-16T15:33:30.000+08:00,9.852698599446102
2022-02-16T17:21:10.000+08:00,9.537713163988853
2022-02-16T17:40:15.000+08:00,10.01892898548685
2022-02-16T18:06:19.000+08:00,9.651202414183775
2022-02-16T19:33:06.000+08:00,10.120550613319265
2022-02-16T19:35:53.000+08:00,9.322609126603927
2022-02-16T20:40:27.000+08:00,9.197655942923259
2022-02-16T21:51:21.000+08:00,9.499946937092657
2022-02-16T22:16:31.000+08:00,10.935654647552296
2022-02-17T00:18:06.000+08:00,10.748839201858916
2022-02-17T00:18:41.000+08:00,9.956068956161525
2022-02-17T01:02:47.000+08:00,9.89375687625141
2022-02-17T01:36:08.000+08:00,10.1240677266263
2022-02-17T02:33:20.000+08:00,8.111293769954733
2022-02-17T03:11:49.000+08:00,9.307219595412972
2022-02-17T03:31:39.000+08:00,11.386218403738496
2022-02-17T03:36:20.000+08:00,11.93189646199265
2022-02-17T04:41:32.000+08:00,9.880269347124026
2022-02-17T04:50:03.000+08:00,9.340295580292189
2022-02-17T05:41:10.000+08:00,9.26789463800759
2022-02-17T05:49:29.000+08:00,10.325893414704412
2022-02-17T07:24:42.000+08:00,11.036099356150121
2022-02-17T09:13:25.000+08:00,9.987597519314917
2022-02-17T10:00:16.000+08:00,9.878615067187049
2022-02-17T10:14:45.000+08:00,11.044674775474437
2022-02-17T10:47:21.000+08:00,10.089713473288484
2022-02-17T12:34:51.000+08:00,11.585424701747172
2022-02-17T12:40:44.000+08:00,9.01055971523251
2022-02-17T13:08:24.000+08:00,10.230419495857687
2022-02-17T14:21:02.000+08:00,10.166145346259974
2022-02-17T14:54:53.000+08:00,11.254962277737205
2022-02-17T15:33:50.000+08:00,8.770054019815598
2022-02-17T15:51:54.000+08:00,8.377296143626884
2022-02-17T15:52:57.000+08:00,11.684807120574693
2022-02-17T17:23:59.000+08:00,8.957698078872143
2022-02-17T18:54:13.000+08:00,9.502372897147476
2022-02-17T19:22:38.000+08:00,8.515296609860311
2022-02-17T19:43:06.000+08:00,11.260214030362054
2022-02-17T21:16:54.000+08:00,9.719391263022967
2022-02-17T21:20:40.000+08:00,9.743033757539843
2022-02-17T22:39:42.000+08:00,9.111361547667222
2022-02-17T23:56:24.000+08:00,10.38402713257659
2022-02-18T00:18:18.000+08:00,11.050941779044827
2022-02-18T00:37:30.000+08:00,11.060616114923231
2022-02-18T00:37:40.000+08:00,9.7135328517198
2022-02-18T00:43:04.000+08:00,9.411865801940442
2022-02-18T02:59:03.000+08:00,10.118366972504488
2022-02-18T03:20:14.000+08:00,7.565299688023018
2022-02-18T03:50:59.000+08:00,9.904151608589938
2022-02-18T04:37:30.000+08:00,9.393684433469925
2022-02-18T05:51:27.000+08:00,10.008966689470595
2022-02-18T06:15:52.000+08:00,11.012776120674545
2022-02-18T06:17:01.000+08:00,10.325476719734123
2022-02-18T07:52:51.000+08:00,9.359148265230539
2022-02-18T08:50:31.000+08:00,9.462122275175217
2022-02-18T09:21:58.000+08:00,9.804702319791977
2022-02-18T10:19:03.000+08:00,10.978234560421534
2022-02-18T10:32:22.000+08:00,10.046878249577508
2022-02-18T10:38:04.000+08:00,10.375478588189033
2022-02-18T12:48:32.000+08:00,10.26745426633989
2022-02-18T13:23:04.000+08:00,10.053021447015977
2022-02-18T13:30:30.000+08:00,9.423819934476898
2022-02-18T14:14:51.000+08:00,9.520949436814634
2022-02-18T14:36:55.000+08:00,10.659451227727581
2022-02-18T14:58:15.000+08:00,8.369301643758536
2022-02-18T16:48:21.000+08:00,12.341582295450554
2022-02-18T17:20:47.000+08:00,10.433840803928543
2022-02-18T17:58:34.000+08:00,11.880611784990936
2022-02-18T19:25:30.000+08:00,11.855748648303052
2022-02-18T20:23:29.000+08:00,8.821237059912237
2022-02-18T21:15:29.000+08:00,9.453265234142318
2022-02-18T21:47:29.000+08:00,9.534636125752282
2022-02-18T21:54:08.000+08:00,7.939405876981741
2022-02-18T22:49:48.000+08:00,10.256788762356214
2022-02-18T23:54:11.000+08:00,9.96657477059406
2022-02-19T00:03:11.000+08:00,9.14991935843467
2022-02-19T00:14:11.000+08:00,11.538779603078563
2022-02-19T00:16:41.000+08:00,8.851138389440157
2022-02-19T02:21:09.000+08:00,10.541623408883995
2022-02-19T02:24:52.000+08:00,10.040544090581943
2022-02-19T02:31:12.000+08:00,9.739071894376726
2022-02-19T04:45:50.000+08:00,8.702763139586926
2022-02-19T06:10:16.000+08:00,9.254204798914198
2022-02-19T06:11:54.000+08:00,8.259323441959403
2022-02-19T06:39:19.000+08:00,9.55955640359037
2022-02-19T06:48:10.000+08:00,11.010123645229063
2022-02-19T09:08:28.000+08:00,10.763254835312132
2022-02-19T09:44:02.000+08:00,10.064041727803472
2022-02-19T09:59:36.000+08:00,11.164710382370231
2022-02-19T11:16:03.000+08:00,10.125824232854619
2022-02-19T11:24:48.000+08:00,10.634465571932864
2022-02-19T11:40:57.000+08:00,9.98168042554779
2022-02-19T12:00:13.000+08:00,12.126207125174641
2022-02-19T12:45:35.000+08:00,10.70544809952548
2022-02-19T14:22:02.000+08:00,9.929111360494675
2022-02-19T14:25:20.000+08:00,9.777807863235143
2022-02-19T16:26:30.000+08:00,10.09711199834221
2022-02-19T16:27:14.000+08:00,8.676979432333738
2022-02-19T16:45:56.000+08:00,11.680039989881054
2022-02-19T16:58:47.000+08:00,9.567731885984434
2022-02-19T19:06:29.000+08:00,10.196912751038191
2022-02-19T19:11:58.000+08:00,10.627634029647107
2022-02-19T20:10:26.000+08:00,7.736331830408423
2022-02-19T20:51:29.000+08:00,10.734806284890606
2022-02-19T21:23:38.000+08:00,10.431149475975817
2022-02-19T23:04:57.000+08:00,8.086871930487709
2022-02-19T23:31:22.000+08:00,9.333728742660167
2022-02-20T00:06:54.000+08:00,11.082946467080326
2022-02-20T00:44:43.000+08:00,11.832958267182088
2022-02-20T02:04:51.000+08:00,11.921719453865496
2022-02-20T03:01:00.000+08:00,11.251935033217585
2022-02-20T03:45:29.000+08:00,9.784048767996827
2022-02-20T04:06:38.000+08:00,9.550686953901883
2022-02-20T04:17:27.000+08:00,9.115740747477428
2022-02-20T05:09:33.000+08:00,9.902649462025888
2022-02-20T06:11:39.000+08:00,10.510483127880288
2022-02-20T06:38:32.000+08:00,13.192513092508115
2022-02-20T06:52:51.000+08:00,9.776446760337686
2022-02-20T08:23:27.000+08:00,9.891159551644503
2022-02-20T09:03:01.000+08:00,9.271230925588448
2022-02-20T10:17:49.000+08:00,10.857418392300907
2022-02-20T10:51:18.000+08:00,8.275118501202446
2022-02-20T11:10:40.000+08:00,9.16096371056273
2022-02-20T12:21:15.000+08:00,9.967489702727512
2022-02-20T12:41:26.000+08:00,10.704048701646247
2022-02-20T12:50:07.000+08:00,8.460605128710725
2022-02-20T14:28:46.000+08:00,9.07392985296292
2022-02-20T15:00:09.000+08:00,10.807711327599046
2022-02-20T15:09:07.000+08:00,10.116958822833478
2022-02-20T16:53:03.000+08:00,8.921767064059836
2022-02-20T16:56:47.000+08:00,10.690285346729624
2022-02-20T17:37:37.000+08:00,10.665398670519082
2022-02-20T18:58:16.000+08:00,8.99459777057625
2022-02-20T19:20:38.000+08:00,10.983243786319559
2022-02-20T19:37:53.000+08:00,9.89649192008203
2022-02-20T20:07:43.000+08:00,10.489832970698435
2022-02-20T22:08:02.000+08:00,9.944896697628248
2022-02-20T22:25:17.000+08:00,9.450406962687808
2022-02-20T22:31:06.000+08:00,9.51501873967018
2022-02-20T23:45:36.000+08:00,7.087428518574624
2022-02-21T00:49:55.000+08:00,9.65652784978769
2022-02-21T00:57:43.000+08:00,10.023510768383565
2022-02-21T01:12:44.000+08:00,9.571432011990527
2022-02-21T02:20:55.000+08:00,11.09433465434309
2022-02-21T03:46:12.000+08:00,9.260542471275778
2022-02-21T04:12:41.000+08:00,10.639003899598482
2022-02-21T04:15:01.000+08:00,9.938960204455302
2022-02-21T05:08:27.000+08:00,8.263764098800145
2022-02-21T05:31:41.000+08:00,8.936945606938119
2022-02-21T06:33:49.000+08:00,9.037371130323807
2022-02-21T08:32:38.000+08:00,9.911844518405985
2022-02-21T08:46:28.000+08:00,12.502613250970095
2022-02-21T09:33:17.000+08:00,11.718720741150726
2022-02-21T10:20:18.000+08:00,8.787394971570299
2022-02-21T10:51:59.000+08:00,10.453811118846561
2022-02-21T11:46:07.000+08:00,9.439150503069506
2022-02-21T12:00:17.000+08:00,11.752981065928806
2022-02-21T14:49:19.000+08:00,9.778173084251142
2022-02-21T15:13:07.000+08:00,12.636453810286628
2022-02-21T15:17:18.000+08:00,11.429180225370999
2022-02-21T15:27:03.000+08:00,10.433053633234188
2022-02-21T16:05:56.000+08:00,9.308264478843281
2022-02-21T16:54:39.000+08:00,8.779303493313716
2022-02-21T17:01:22.000+08:00,8.996615352151348
2022-02-21T17:58:15.000+08:00,8.789301030703394
2022-02-21T18:01:39.000+08:00,9.536250887195179
2022-02-21T19:12:08.000+08:00,10.928530764372619
2022-02-21T19:24:58.000+08:00,11.188593058502407
2022-02-21T20:39:42.000+08:00,10.572091309467737
2022-02-21T21:24:55.000+08:00,10.546931737928325
2022-02-21T22:20:54.000+08:00,11.869221417390156
2022-02-21T23:00:49.000+08:00,10.724534991199947
2022-02-21T23:25:50.000+08:00,10.364217112496366
2022-02-22T00:01:09.000+08:00,10.697594722664654
2022-02-22T01:54:55.000+08:00,11.44677316791334
2022-02-22T01:58:11.000+08:00,10.218767706082394
2022-02-22T03:56:18.000+08:00,10.567489007378466
2022-02-22T04:38:11.000+08:00,9.790697394553746
2022-02-22T04:54:09.000+08:00,10.340477600125839
2022-02-22T05:28:33.000+08:00,9.973002106116938
2022-02-22T07:10:08.000+08:00,8.280426708921064
2022-02-22T07:25:53.000+08:00,10.553009645496447
2022-02-22T07:37:05.000+08:00,9.448498217831029
2022-02-22T09:01:12.000+08:00,10.258659512756969
2022-02-22T09:11:27.000+08:00,10.309040099444278
2022-02-22T10:27:42.000+08:00,11.279595675606362
2022-02-22T10:52:58.000+08:00,11.963308628628083
2022-02-22T12:44:06.000+08:00,10.50602123278687
2022-02-22T12:51:41.000+08:00,10.065538217566472
2022-02-22T13:32:03.000+08:00,10.994606120684862
2022-02-22T14:11:11.000+08:00,9.269052046453663
2022-02-22T14:21:00.000+08:00,8.352936286536508
2022-02-22T15:31:51.000+08:00,8.95609968215263
2022-02-22T16:54:16.000+08:00,9.817896868100501
2022-02-22T16:57:48.000+08:00,9.885227441467835
2022-02-22T17:29:40.000+08:00,8.664400481603089
2022-02-22T18:29:35.000+08:00,9.092600100944878
2022-02-22T19:22:32.000+08:00,10.15293022229835
2022-02-22T19:58:46.000+08:00,9.04285198658382
2022-02-22T20:16:52.000+08:00,10.461984208824832
2022-02-22T21:15:51.000+08:00,8.761265194062446
2022-02-22T21:22:36.000+08:00,8.609458826717267
2022-02-22T22:45:27.000+08:00,10.96891312496544
2022-02-22T23:17:17.000+08:00,10.696928353206646
2022-02-22T23:17:58.000+08:00,8.32718424843809
2022-02-23T01:33:26.000+08:00,11.347581079573201
2022-02-23T02:06:38.000+08:00,8.57811712172963
2022-02-23T02:12:14.000+08:00,12.29353616882376
2022-02-23T03:05:21.000+08:00,10.941227320481204
2022-02-23T03:39:10.000+08:00,10.619651812509769
2022-02-23T04:38:37.000+08:00,10.226396296607835
2022-02-23T05:00:57.000+08:00,10.53233849485171
2022-02-23T06:38:39.000+08:00,9.505213567157492
2022-02-23T06:39:21.000+08:00,10.372335260739586
2022-02-23T06:55:45.000+08:00,9.68744391374489
2022-02-23T07:10:47.000+08:00,10.175781149105038
2022-02-23T08:59:32.000+08:00,8.25477082993542
2022-02-23T09:55:27.000+08:00,6.871370059986544
2022-02-23T10:01:20.000+08:00,8.703492253898029
2022-02-23T11:35:22.000+08:00,9.724478776025153
2022-02-23T12:07:16.000+08:00,9.966664075019159
2022-02-23T13:07:41.000+08:00,10.915980594056876
2022-02-23T13:55:06.000+08:00,7.488903846929937
2022-02-23T14:28:09.000+08:00,10.348185840493285
2022-02-23T15:55:15.000+08:00,11.78847533143945
2022-02-23T16:02:44.000+08:00,11.660289576165772
2022-02-23T17:01:08.000+08:00,10.346946768652076
2022-02-23T17:42:55.000+08:00,11.109877747136252
2022-02-23T18:19:22.000+08:00,10.196016011944252
2022-02-23T19:03:30.000+08:00,8.723180866530214
2022-02-23T19:14:53.000+08:00,10.505501608200415
2022-02-23T20:11:49.000+08:00,11.175659882214745
2022-02-23T20:21:55.000+08:00,10.952236369239401
2022-02-23T21:56:06.000+08:00,11.34002547477313
2022-02-23T22:09:54.000+08:00,10.524408157053777
2022-02-23T23:50:16.000+08:00,10.120846952272416
2022-02-24T00:23:01.000+08:00,10.903353838961118
