Time,stable_vibrate
2022-01-24T00:19:02.000+08:00,15.528445503413561
2022-01-24T00:31:21.000+08:00,10.437403174088546
2022-01-24T01:44:00.000+08:00,12.498075457553231
2022-01-24T01:51:40.000+08:00,28.575381206156425
2022-01-24T03:08:17.000+08:00,15.862981311904718
2022-01-24T03:32:00.000+08:00,32.42242485866282
2022-01-24T04:44:44.000+08:00,20.494390108045806
2022-01-24T04:57:35.000+08:00,26.202875687078105
2022-01-24T06:57:59.000+08:00,38.55614412431353
2022-01-24T07:04:43.000+08:00,15.063615887634722
2022-01-24T07:28:34.000+08:00,23.802034502722492
2022-01-24T08:38:23.000+08:00,18.760757706807933
2022-01-24T09:09:58.000+08:00,27.686587101997716
2022-01-24T10:06:50.000+08:00,17.703624579057813
2022-01-24T10:23:00.000+08:00,24.620931674195795
2022-01-24T10:56:49.000+08:00,21.22310483827865
2022-01-24T11:50:09.000+08:00,13.18355820730983
2022-01-24T12:20:04.000+08:00,23.75769555676734
2022-01-24T12:35:19.000+08:00,27.24722177431819
2022-01-24T13:34:18.000+08:00,23.16519304791751
2022-01-24T14:13:00.000+08:00,38.16118171165803
2022-01-24T15:54:35.000+08:00,20.60779580226832
2022-01-24T16:44:50.000+08:00,17.686424766502245
2022-01-24T16:51:01.000+08:00,-0.10730421275515312
2022-01-24T17:17:18.000+08:00,35.913293487691504
2022-01-24T18:43:45.000+08:00,33.72545592572816
2022-01-24T18:56:40.000+08:00,4.74205450897635
2022-01-24T20:43:13.000+08:00,16.56290776651874
2022-01-24T21:35:17.000+08:00,11.88452223655226
2022-01-24T22:03:35.000+08:00,13.671107843613246
2022-01-24T22:21:08.000+08:00,19.791255009195616
2022-01-24T22:45:42.000+08:00,14.731036506724625
2022-01-24T23:14:21.000+08:00,21.951471111316206
2022-01-25T00:53:49.000+08:00,24.394649550020432
2022-01-25T01:22:06.000+08:00,28.71160203436041
2022-01-25T01:24:47.000+08:00,33.04232834129402
2022-01-25T02:59:01.000+08:00,13.077534140959266
2022-01-25T03:52:52.000+08:00,20.205285535394687
2022-01-25T04:06:18.000+08:00,39.15154280895648
2022-01-25T05:55:43.000+08:00,16.72367089075572
2022-01-25T06:06:42.000+08:00,4.403117165259074
2022-01-25T07:02:58.000+08:00,46.70304462478075
2022-01-25T08:08:11.000+08:00,13.634891276056702
2022-01-25T08:14:37.000+08:00,31.041333695560887
2022-01-25T08:14:55.000+08:00,29.072458927441897
2022-01-25T08:17:15.000+08:00,-0.28674830635262794
2022-01-25T09:42:08.000+08:00,15.924815223774896
2022-01-25T11:38:48.000+08:00,19.18696052592989
2022-01-25T11:45:44.000+08:00,10.570289350804158
2022-01-25T12:34:41.000+08:00,38.60490040187415
2022-01-25T13:20:05.000+08:00,18.516662923187763
2022-01-25T13:54:29.000+08:00,9.36077510952374
2022-01-25T14:57:44.000+08:00,23.08890651667644
2022-01-25T15:08:22.000+08:00,31.653087583419712
2022-01-25T17:56:57.000+08:00,43.98777575798935
2022-01-25T18:11:31.000+08:00,20.430159504335723
2022-01-25T18:27:31.000+08:00,22.682639985765775
2022-01-25T18:47:51.000+08:00,46.551265782662384
2022-01-25T19:17:06.000+08:00,27.40198485987486
2022-01-25T20:46:54.000+08:00,41.85243820925258
2022-01-25T21:29:26.000+08:00,33.87251947927098
2022-01-25T22:10:21.000+08:00,4.597459188565345
2022-01-25T22:37:46.000+08:00,19.714435212916825
2022-01-25T23:06:00.000+08:00,15.038321915274059
2022-01-26T01:05:12.000+08:00,6.2384296782060815
2022-01-26T01:12:29.000+08:00,7.2552763306083214
2022-01-26T01:29:00.000+08:00,3.899428880800208
2022-01-26T02:01:01.000+08:00,35.29833274049291
2022-01-26T02:20:32.000+08:00,3.674360128519165
2022-01-26T03:32:19.000+08:00,14.179397471785762
2022-01-26T04:02:28.000+08:00,24.081470910111697
2022-01-26T05:00:38.000+08:00,14.269361531956477
2022-01-26T05:34:06.000+08:00,12.375336857968467
2022-01-26T06:34:40.000+08:00,11.638796849669003
2022-01-26T06:44:15.000+08:00,20.608633539993583
2022-01-26T07:15:41.000+08:00,40.452576579421596
2022-01-26T09:00:11.000+08:00,1.8540909981240539
2022-01-26T09:39:28.000+08:00,10.226113866810087
2022-01-26T10:42:07.000+08:00,24.938178401528436
2022-01-26T10:48:13.000+08:00,25.9306807004931
2022-01-26T11:20:03.000+08:00,20.604437274149298
2022-01-26T11:58:36.000+08:00,8.00198263520953
2022-01-26T12:16:04.000+08:00,23.90421012088436
2022-01-26T13:36:06.000+08:00,9.668125200058197
2022-01-26T14:44:46.000+08:00,14.396655249919444
2022-01-26T15:12:51.000+08:00,23.028611534386297
2022-01-26T15:51:16.000+08:00,19.035961712447982
2022-01-26T16:33:49.000+08:00,13.244867722486893
2022-01-26T16:43:01.000+08:00,19.10097803990334
2022-01-26T16:57:48.000+08:00,21.391200717319432
2022-01-26T17:46:28.000+08:00,33.69662173609123
2022-01-26T19:04:15.000+08:00,12.059378405127333
2022-01-26T20:57:41.000+08:00,20.71006340591731
2022-01-26T21:00:29.000+08:00,19.43622697580705
2022-01-26T21:42:46.000+08:00,19.99855034819525
2022-01-26T22:48:57.000+08:00,10.393345538279018
2022-01-26T23:08:44.000+08:00,16.356711673097887
2022-01-26T23:31:39.000+08:00,-0.16709941312777943
2022-01-27T00:18:57.000+08:00,26.059990902055773
2022-01-27T02:00:35.000+08:00,2.279373124075473
2022-01-27T02:47:17.000+08:00,3.212538339065155
2022-01-27T02:47:33.000+08:00,11.19035464026155
2022-01-27T04:10:15.000+08:00,5.1024656313549706
2022-01-27T05:35:01.000+08:00,12.335374362416758
2022-01-27T06:05:07.000+08:00,18.13985926504704
2022-01-27T06:46:30.000+08:00,16.304730622550206
2022-01-27T07:09:38.000+08:00,4.792811348787264
2022-01-27T07:11:00.000+08:00,7.78229545519649
2022-01-27T08:03:05.000+08:00,24.567637450730395
2022-01-27T08:44:35.000+08:00,12.224300908050186
2022-01-27T09:20:57.000+08:00,16.248701364861518
2022-01-27T09:46:58.000+08:00,21.01636159346536
2022-01-27T11:15:44.000+08:00,27.641389529677717
2022-01-27T12:48:05.000+08:00,33.23850573241831
2022-01-27T13:57:45.000+08:00,10.933123436483385
2022-01-27T14:11:40.000+08:00,10.687901592906355
2022-01-27T14:18:21.000+08:00,19.715123299645164
2022-01-27T15:30:28.000+08:00,12.566844786818308
2022-01-27T15:33:43.000+08:00,24.42938643611079
2022-01-27T15:49:04.000+08:00,25.576538351507374
2022-01-27T16:27:11.000+08:00,21.15088147739159
2022-01-27T18:00:24.000+08:00,2.370998222886257
2022-01-27T19:29:03.000+08:00,14.661001585267819
2022-01-27T19:56:17.000+08:00,13.512827634992712
2022-01-27T20:52:41.000+08:00,16.48440014108965
2022-01-27T20:56:46.000+08:00,26.288843116966646
2022-01-27T21:58:12.000+08:00,26.66514590402267
2022-01-27T22:16:50.000+08:00,31.209574934029398
2022-01-27T23:58:51.000+08:00,28.380321815368593
2022-01-28T00:11:44.000+08:00,24.663279505530497
2022-01-28T01:03:25.000+08:00,6.829751550224476
2022-01-28T01:12:09.000+08:00,20.66965231398047
2022-01-28T01:18:58.000+08:00,12.338936620972417
2022-01-28T02:55:54.000+08:00,18.841737905715853
2022-01-28T03:36:33.000+08:00,14.571776878746352
2022-01-28T03:53:41.000+08:00,16.71087531587476
2022-01-28T04:34:23.000+08:00,13.675270401638187
2022-01-28T05:54:21.000+08:00,20.453726383059728
2022-01-28T06:43:17.000+08:00,13.834291551995983
2022-01-28T06:55:03.000+08:00,1.5562123187036896
2022-01-28T07:36:49.000+08:00,12.155787193568356
2022-01-28T08:28:05.000+08:00,29.60011206712953
2022-01-28T09:44:30.000+08:00,24.438787855616265
2022-01-28T09:57:05.000+08:00,3.430196485159577
2022-01-28T11:16:33.000+08:00,15.723004115304969
2022-01-28T11:24:43.000+08:00,24.666473181368218
2022-01-28T12:42:14.000+08:00,17.362189419625334
2022-01-28T14:05:00.000+08:00,16.043032276816906
2022-01-28T14:49:05.000+08:00,14.975882354915214
2022-01-28T15:08:19.000+08:00,17.604367675437754
2022-01-28T15:30:08.000+08:00,21.09358994284548
2022-01-28T15:53:39.000+08:00,31.885274297049406
2022-01-28T16:02:46.000+08:00,31.692374353447953
2022-01-28T17:37:40.000+08:00,40.886257052261016
2022-01-28T17:50:05.000+08:00,5.7781837704407035
2022-01-28T19:52:03.000+08:00,14.23589355408097
2022-01-28T20:24:57.000+08:00,18.90234780476354
2022-01-28T21:02:55.000+08:00,26.911523034890546
2022-01-28T21:03:19.000+08:00,23.48432555936867
2022-01-28T23:20:29.000+08:00,39.38456170548586
2022-01-28T23:35:23.000+08:00,26.7334810763728
2022-01-29T00:07:20.000+08:00,8.518035948181888
2022-01-29T00:32:48.000+08:00,28.021380047430497
2022-01-29T00:49:32.000+08:00,26.864011980469357
2022-01-29T02:17:49.000+08:00,-1.6150652650537332
2022-01-29T02:51:20.000+08:00,19.691958964299477
2022-01-29T03:48:20.000+08:00,13.84903180116849
2022-01-29T04:07:34.000+08:00,35.09008789550321
2022-01-29T04:10:27.000+08:00,21.006326001868295
2022-01-29T06:19:41.000+08:00,12.083292916234141
2022-01-29T06:26:13.000+08:00,5.263675849447534
2022-01-29T07:48:39.000+08:00,29.18841197315487
2022-01-29T08:10:11.000+08:00,14.475220148720414
2022-01-29T09:26:28.000+08:00,30.140313028567576
2022-01-29T10:19:15.000+08:00,17.288523002999025
2022-01-29T10:27:24.000+08:00,12.678485372756404
2022-01-29T10:39:35.000+08:00,26.374632121482414
2022-01-29T11:45:12.000+08:00,5.667143631304395
2022-01-29T12:29:31.000+08:00,20.011869441470594
2022-01-29T13:19:44.000+08:00,17.301345795921588
2022-01-29T13:21:32.000+08:00,18.232593319842778
2022-01-29T13:51:01.000+08:00,34.35077663628453
2022-01-29T16:21:17.000+08:00,-1.564529533815179
2022-01-29T16:42:20.000+08:00,33.03935730881467
2022-01-29T17:26:03.000+08:00,27.579113335073412
2022-01-29T17:50:25.000+08:00,25.00211764814062
2022-01-29T18:39:08.000+08:00,17.5888657479068
2022-01-29T18:48:15.000+08:00,21.39952536354137
2022-01-29T20:02:59.000+08:00,21.30756723281051
2022-01-29T21:47:04.000+08:00,11.848606596103261
2022-01-29T21:54:56.000+08:00,26.018173500458893
2022-01-29T22:21:50.000+08:00,15.81726402807467
2022-01-29T22:42:32.000+08:00,21.120268918043205
2022-01-29T23:48:50.000+08:00,49.50576717215619
2022-01-29T23:51:01.000+08:00,20.914497809043826
2022-01-29T23:57:43.000+08:00,21.57679451989598
2022-01-30T02:25:07.000+08:00,30.193486212483887
2022-01-30T02:40:06.000+08:00,24.87781534300184
2022-01-30T03:23:25.000+08:00,-3.391120744999668
2022-01-30T05:01:41.000+08:00,16.540539990511796
2022-01-30T05:02:16.000+08:00,6.306509198664536
2022-01-30T05:41:36.000+08:00,21.702512459276154
2022-01-30T06:47:57.000+08:00,22.727963942038784
2022-01-30T07:28:35.000+08:00,19.461505445469893
2022-01-30T08:32:33.000+08:00,19.025339112765256
2022-01-30T09:40:43.000+08:00,27.424147093047544
2022-01-30T11:12:52.000+08:00,7.474747038557236
2022-01-30T11:17:46.000+08:00,3.3045618979634277
2022-01-30T11:27:38.000+08:00,29.991784505112427
2022-01-30T11:30:14.000+08:00,40.11358026348047
2022-01-30T11:40:34.000+08:00,14.982545084610141
2022-01-30T13:24:07.000+08:00,43.42892002445858
2022-01-30T13:41:49.000+08:00,28.53585232197779
2022-01-30T14:14:34.000+08:00,25.521552013585143
2022-01-30T15:27:36.000+08:00,9.420028634599582
2022-01-30T16:31:22.000+08:00,17.834013117945013
2022-01-30T16:33:36.000+08:00,8.305783984858433
2022-01-30T18:15:45.000+08:00,32.089621527900334
2022-01-30T18:31:13.000+08:00,35.50776570456116
2022-01-30T19:26:57.000+08:00,15.63991996945587
2022-01-30T20:00:23.000+08:00,16.14656258131064
2022-01-30T21:14:32.000+08:00,12.78777244385385
2022-01-30T21:39:27.000+08:00,23.039149587522147
2022-01-30T21:49:15.000+08:00,3.3005598549885917
2022-01-30T23:01:01.000+08:00,21.48212469052549
2022-01-30T23:14:21.000+08:00,22.210105570035957
2022-01-31T00:14:34.000+08:00,21.359522457811803
2022-01-31T00:59:51.000+08:00,23.225770105515082
2022-01-31T01:17:13.000+08:00,0.7959136620821781
2022-01-31T01:42:14.000+08:00,32.94170518852401
2022-01-31T02:52:01.000+08:00,28.006202289089114
2022-01-31T05:01:13.000+08:00,17.97879774554718
2022-01-31T05:22:22.000+08:00,5.018458258138885
2022-01-31T05:29:29.000+08:00,13.734544275791922
2022-01-31T05:49:59.000+08:00,21.900720774972694
2022-01-31T07:26:17.000+08:00,38.527839872313756
2022-01-31T07:50:37.000+08:00,23.862239135734715
2022-01-31T08:32:10.000+08:00,25.144645199809492
2022-01-31T08:46:06.000+08:00,26.40202718429137
2022-01-31T09:58:46.000+08:00,19.13730898217529
2022-01-31T10:05:27.000+08:00,13.075644850304244
2022-01-31T11:19:53.000+08:00,8.974439036654774
2022-01-31T12:39:02.000+08:00,15.34194904110647
2022-01-31T13:00:10.000+08:00,9.1485850871376
2022-01-31T13:26:33.000+08:00,25.007978789061404
2022-01-31T13:29:37.000+08:00,8.697522649261881
2022-01-31T14:55:43.000+08:00,29.837927141485302
2022-01-31T16:54:08.000+08:00,25.781452253911546
2022-01-31T17:13:18.000+08:00,23.236029109575366
2022-01-31T17:51:36.000+08:00,29.780747834583963
2022-01-31T18:06:15.000+08:00,24.21292758684873
2022-01-31T19:55:34.000+08:00,18.567144022286545
2022-01-31T19:56:24.000+08:00,15.08267955762966
2022-01-31T20:33:51.000+08:00,19.054254273125153
2022-01-31T21:37:58.000+08:00,6.995624292209492
2022-01-31T21:47:01.000+08:00,19.08419730837858
2022-01-31T23:13:36.000+08:00,33.820817299504
2022-01-31T23:21:01.000+08:00,20.06125263630895
2022-01-31T23:28:32.000+08:00,35.552284428304326
2022-02-01T00:23:10.000+08:00,30.59154689300062
2022-02-01T00:25:37.000+08:00,26.69118012023508
2022-02-01T00:59:46.000+08:00,11.721940189545391
2022-02-01T03:38:40.000+08:00,21.05122312657662
2022-02-01T03:48:49.000+08:00,21.781557432813404
2022-02-01T05:28:34.000+08:00,30.136834550130693
2022-02-01T05:30:04.000+08:00,35.10772368429082
2022-02-01T06:28:09.000+08:00,16.11636505048971
2022-02-01T07:32:54.000+08:00,22.7342455557456
2022-02-01T07:42:41.000+08:00,11.92843384971401
2022-02-01T07:54:03.000+08:00,16.249761784960416
2022-02-01T08:44:53.000+08:00,25.05612188373128
2022-02-01T10:33:14.000+08:00,25.14773732499412
2022-02-01T11:34:39.000+08:00,34.098663627884044
2022-02-01T11:36:59.000+08:00,22.893384397731023
2022-02-01T12:22:50.000+08:00,30.41353127511845
2022-02-01T12:40:53.000+08:00,10.724214673250636
2022-02-01T13:27:47.000+08:00,14.655148950697079
2022-02-01T13:47:51.000+08:00,29.08624488571579
2022-02-01T14:51:21.000+08:00,24.81071811763526
2022-02-01T16:04:06.000+08:00,8.528692372211664
2022-02-01T16:08:18.000+08:00,17.826740934860652
2022-02-01T18:00:11.000+08:00,17.499498442785946
2022-02-01T18:33:05.000+08:00,7.61845726164295
2022-02-01T18:47:42.000+08:00,4.305606974678312
2022-02-01T19:45:41.000+08:00,3.290838922939198
2022-02-01T20:19:59.000+08:00,20.067772015103674
2022-02-01T21:25:58.000+08:00,14.995496442388312
2022-02-01T21:39:51.000+08:00,13.345571603300348
2022-02-01T22:49:02.000+08:00,8.051821199936724
2022-02-01T22:52:20.000+08:00,23.193726912453357
2022-02-01T23:30:36.000+08:00,35.04154094778123
2022-02-02T01:01:36.000+08:00,18.073561365422247
2022-02-02T01:11:46.000+08:00,19.141798635072767
2022-02-02T01:15:49.000+08:00,29.526289679315166
2022-02-02T03:01:55.000+08:00,13.478540965452918
2022-02-02T03:20:58.000+08:00,19.832534104874696
2022-02-02T04:06:51.000+08:00,21.496472640306017
2022-02-02T05:01:59.000+08:00,30.467515195567508
2022-02-02T05:59:22.000+08:00,27.40179526381553
2022-02-02T07:06:15.000+08:00,11.695498342755284
2022-02-02T07:39:58.000+08:00,5.41974372867778
2022-02-02T07:45:42.000+08:00,27.643376819965674
2022-02-02T07:59:14.000+08:00,11.43095244443861
2022-02-02T09:34:41.000+08:00,18.41069731074848
2022-02-02T10:40:46.000+08:00,40.338910345009616
2022-02-02T11:36:44.000+08:00,30.30406105378394
2022-02-02T11:52:39.000+08:00,21.98996778698846
2022-02-02T12:28:34.000+08:00,10.612655576528379
2022-02-02T13:09:33.000+08:00,32.09772714453881
2022-02-02T14:08:43.000+08:00,17.490647234427932
2022-02-02T14:45:44.000+08:00,22.12186486211395
2022-02-02T15:48:27.000+08:00,18.866913806448466
2022-02-02T16:41:29.000+08:00,28.276430783082805
2022-02-02T17:51:13.000+08:00,36.419241388473615
2022-02-02T17:54:12.000+08:00,23.567843591943404
2022-02-02T19:57:00.000+08:00,8.850856643431937
2022-02-02T19:59:37.000+08:00,9.302473130003781
2022-02-02T20:39:22.000+08:00,37.454494088473304
2022-02-02T21:08:24.000+08:00,18.722321674372058
2022-02-02T21:33:10.000+08:00,18.968173561095295
2022-02-02T22:20:40.000+08:00,26.78171147798902
2022-02-02T22:48:36.000+08:00,31.620769886096095
2022-02-02T22:59:02.000+08:00,22.776726250889
2022-02-02T23:39:25.000+08:00,20.678765756475034
2022-02-03T00:18:29.000+08:00,22.94601258728773
2022-02-03T02:19:00.000+08:00,29.12630551256218
2022-02-03T03:35:17.000+08:00,0.7526209975407667
2022-02-03T03:43:44.000+08:00,1.5345037895356342
2022-02-03T05:13:46.000+08:00,24.98522933771126
2022-02-03T05:51:22.000+08:00,24.407698307024692
2022-02-03T06:50:03.000+08:00,29.475307087424536
2022-02-03T07:08:44.000+08:00,10.123773228996107
2022-02-03T07:51:38.000+08:00,24.432615622663057
2022-02-03T08:03:12.000+08:00,9.95314642437041
2022-02-03T09:13:08.000+08:00,23.31813398385658
2022-02-03T09:22:17.000+08:00,33.88889171673121
2022-02-03T10:05:54.000+08:00,28.65775118746132
2022-02-03T10:45:00.000+08:00,31.869894130762248
2022-02-03T12:04:10.000+08:00,33.99479342567183
2022-02-03T12:06:25.000+08:00,18.04417657934928
2022-02-03T12:44:02.000+08:00,18.41372015374723
2022-02-03T13:40:42.000+08:00,36.59436138805343
2022-02-03T13:55:40.000+08:00,19.72014688930364
2022-02-03T15:52:57.000+08:00,16.585592296256213
2022-02-03T15:57:35.000+08:00,26.720856776702696
2022-02-03T16:07:51.000+08:00,17.379047874979626
2022-02-03T16:51:31.000+08:00,20.559339270963473
2022-02-03T18:15:54.000+08:00,15.774275099679926
2022-02-03T19:00:00.000+08:00,36.378343457956504
2022-02-03T19:41:10.000+08:00,22.60277321015773
2022-02-03T21:20:41.000+08:00,13.77654151353987
2022-02-03T21:22:29.000+08:00,30.73470920763698
2022-02-03T22:14:59.000+08:00,26.601797713268645
2022-02-03T22:39:40.000+08:00,29.307548955870015
2022-02-04T00:07:05.000+08:00,17.45449233538308
2022-02-04T00:08:31.000+08:00,38.14673259368859
2022-02-04T01:13:53.000+08:00,22.850245598403617
2022-02-04T01:54:15.000+08:00,14.823543918353522
2022-02-04T03:31:30.000+08:00,11.883325538300538
2022-02-04T03:48:03.000+08:00,7.626361654231941
2022-02-04T04:08:57.000+08:00,-3.1913929900271825
2022-02-04T05:05:21.000+08:00,16.73550945931529
2022-02-04T05:12:50.000+08:00,29.88663060357679
2022-02-04T05:35:36.000+08:00,6.804048295410368
2022-02-04T07:42:59.000+08:00,17.70741358320713
2022-02-04T08:26:17.000+08:00,15.74439552911361
2022-02-04T08:36:11.000+08:00,27.949739351113532
2022-02-04T09:04:26.000+08:00,20.1769475529989
2022-02-04T10:27:47.000+08:00,1.2703714208949428
2022-02-04T10:36:30.000+08:00,18.994957831698816
2022-02-04T11:05:45.000+08:00,10.634861112831235
2022-02-04T11:50:20.000+08:00,41.438932280941074
2022-02-04T12:19:44.000+08:00,21.849112818192456
2022-02-04T13:48:18.000+08:00,21.87995180855469
2022-02-04T14:05:50.000+08:00,29.422161202521966
2022-02-04T15:37:09.000+08:00,4.175321464395045
2022-02-04T16:25:47.000+08:00,24.397877968897863
2022-02-04T16:32:11.000+08:00,22.006014398378863
2022-02-04T17:11:04.000+08:00,28.17353526881429
2022-02-04T18:20:49.000+08:00,10.139801191334362
2022-02-04T18:23:13.000+08:00,3.434645466538079
2022-02-04T19:01:57.000+08:00,15.599886525317627
2022-02-04T19:47:27.000+08:00,-4.594848230285507
2022-02-04T20:51:11.000+08:00,21.828813174878373
2022-02-04T21:19:46.000+08:00,-1.7006333692795614
2022-02-04T22:59:18.000+08:00,14.372304855286744
2022-02-04T23:33:03.000+08:00,18.018422623598525
2022-02-04T23:39:10.000+08:00,11.947156954101864
2022-02-05T00:10:07.000+08:00,19.46197220707515
2022-02-05T02:36:28.000+08:00,27.152925039834287
2022-02-05T02:42:41.000+08:00,33.71370542946586
2022-02-05T02:49:32.000+08:00,25.30922106169611
2022-02-05T02:49:51.000+08:00,22.831953114040324
2022-02-05T04:10:05.000+08:00,19.83782825863249
2022-02-05T05:12:21.000+08:00,20.998406907386777
2022-02-05T06:07:30.000+08:00,11.347376420221554
2022-02-05T07:36:28.000+08:00,10.688216526279492
2022-02-05T07:46:02.000+08:00,25.3054130593547
2022-02-05T08:35:05.000+08:00,19.47009879581067
2022-02-05T09:29:00.000+08:00,31.495576444364072
2022-02-05T09:56:04.000+08:00,19.405749567397436
2022-02-05T10:42:55.000+08:00,25.77543151309976
2022-02-05T11:12:49.000+08:00,8.855992574358334
2022-02-05T11:13:05.000+08:00,34.165462968823824
2022-02-05T11:39:56.000+08:00,26.928198858956353
2022-02-05T12:34:12.000+08:00,32.54487288301878
2022-02-05T14:25:33.000+08:00,13.996276466251327
2022-02-05T14:33:53.000+08:00,9.092611845830838
2022-02-05T15:34:27.000+08:00,35.74782342836316
2022-02-05T16:30:52.000+08:00,3.260576244135784
2022-02-05T18:00:27.000+08:00,13.142688448710658
2022-02-05T18:49:37.000+08:00,8.740799655563665
2022-02-05T19:21:14.000+08:00,14.369885531631148
2022-02-05T19:24:07.000+08:00,22.421903349735643
2022-02-05T20:43:03.000+08:00,17.80604873486468
2022-02-05T20:57:55.000+08:00,31.658292248142665
2022-02-05T22:57:55.000+08:00,31.580806827192802
2022-02-05T23:37:04.000+08:00,30.671527373425146
2022-02-06T00:04:08.000+08:00,9.565195520423702
2022-02-06T00:13:23.000+08:00,32.78457172055825
2022-02-06T01:42:44.000+08:00,26.722965012479612
2022-02-06T01:44:39.000+08:00,-0.27396177264390786
2022-02-06T01:48:33.000+08:00,20.140310716614362
2022-02-06T01:50:53.000+08:00,13.327135242758144
2022-02-06T03:16:48.000+08:00,11.968690377363481
2022-02-06T04:03:53.000+08:00,21.447687593904966
2022-02-06T05:09:33.000+08:00,11.489014148792561
2022-02-06T05:28:52.000+08:00,18.652506058468898
2022-02-06T07:01:16.000+08:00,16.467406197288682
2022-02-06T07:14:43.000+08:00,6.971179013202395
2022-02-06T07:37:56.000+08:00,22.414964845657067
2022-02-06T08:07:25.000+08:00,4.551895647755353
2022-02-06T09:48:23.000+08:00,12.824619375675749
2022-02-06T10:42:06.000+08:00,20.12182596940802
2022-02-06T10:58:49.000+08:00,12.810046744987961
2022-02-06T11:15:26.000+08:00,32.34394444146277
2022-02-06T11:17:00.000+08:00,9.040802915382534
2022-02-06T13:38:09.000+08:00,18.140213162703883
2022-02-06T14:31:09.000+08:00,12.654336269730706
2022-02-06T15:20:11.000+08:00,18.710757309767427
2022-02-06T15:24:48.000+08:00,29.19218224293745
2022-02-06T16:20:27.000+08:00,20.45612039196067
2022-02-06T16:48:41.000+08:00,11.823182156201517
2022-02-06T18:18:12.000+08:00,21.370297858390508
2022-02-06T18:56:28.000+08:00,30.56223139986059
2022-02-06T19:47:18.000+08:00,20.678671197054882
2022-02-06T20:38:26.000+08:00,12.589699882062506
2022-02-06T21:48:20.000+08:00,23.47454049141947
2022-02-06T21:53:08.000+08:00,4.59395194504946
2022-02-06T22:48:33.000+08:00,5.334880142059802
2022-02-06T23:41:25.000+08:00,13.426539261069507
2022-02-07T00:36:12.000+08:00,14.484305078704466
2022-02-07T00:40:18.000+08:00,22.583535792161598
2022-02-07T01:24:10.000+08:00,10.256300468350926
2022-02-07T01:55:42.000+08:00,21.624231812598705
2022-02-07T03:11:04.000+08:00,7.997702964128965
2022-02-07T03:42:59.000+08:00,15.433656330514719
2022-02-07T03:56:46.000+08:00,22.094037863454353
2022-02-07T04:24:46.000+08:00,14.099163465526598
2022-02-07T05:33:42.000+08:00,24.698701085875438
2022-02-07T06:42:14.000+08:00,16.101682129552305
2022-02-07T07:52:41.000+08:00,16.501375751722883
2022-02-07T08:09:08.000+08:00,30.357844512404387
2022-02-07T08:47:38.000+08:00,33.32044532073393
2022-02-07T09:47:11.000+08:00,21.052199926548102
2022-02-07T10:24:17.000+08:00,13.297457324271003
2022-02-07T11:02:16.000+08:00,19.102633180996587
2022-02-07T12:15:20.000+08:00,30.14799456271214
2022-02-07T12:22:50.000+08:00,31.957486305425668
2022-02-07T12:26:12.000+08:00,20.138657501240427
2022-02-07T12:42:52.000+08:00,16.091504893549427
2022-02-07T14:35:18.000+08:00,12.562980495944869
2022-02-07T15:23:08.000+08:00,14.482272475635728
2022-02-07T16:36:48.000+08:00,32.80622776488274
2022-02-07T16:42:45.000+08:00,19.448514463599953
2022-02-07T17:16:43.000+08:00,30.450680784276116
2022-02-07T19:12:55.000+08:00,12.172821181664645
2022-02-07T20:02:21.000+08:00,12.950871310056842
2022-02-07T20:30:46.000+08:00,25.775743706625157
2022-02-07T20:37:59.000+08:00,23.23297542317447
2022-02-07T20:43:09.000+08:00,19.09144995313769
2022-02-07T21:34:35.000+08:00,12.00357148767644
2022-02-07T22:37:45.000+08:00,9.328449424756904
2022-02-07T23:46:20.000+08:00,24.04665102123166
2022-02-08T00:38:44.000+08:00,27.70133825411697
2022-02-08T00:51:06.000+08:00,30.649289957314902
2022-02-08T00:54:44.000+08:00,33.09675737351975
2022-02-08T01:49:16.000+08:00,20.776636064985826
2022-02-08T02:48:42.000+08:00,8.251229384249008
2022-02-08T04:31:19.000+08:00,18.55200705752562
2022-02-08T04:43:22.000+08:00,33.078576663292054
2022-02-08T05:32:09.000+08:00,14.04628334976789
2022-02-08T06:29:40.000+08:00,24.709763863918397
2022-02-08T06:39:46.000+08:00,22.979405504162045
2022-02-08T07:33:40.000+08:00,14.259280238074124
2022-02-08T08:13:06.000+08:00,12.59805060013033
2022-02-08T08:55:21.000+08:00,-0.6572591803976024
2022-02-08T10:08:37.000+08:00,24.771574111447663
2022-02-08T10:26:35.000+08:00,5.275111360941256
2022-02-08T11:46:13.000+08:00,8.618283419242005
2022-02-08T11:56:01.000+08:00,28.661771132222988
2022-02-08T13:13:43.000+08:00,20.168288132913258
2022-02-08T14:38:55.000+08:00,21.322022609602342
2022-02-08T14:48:02.000+08:00,-7.529728283786717
2022-02-08T15:44:12.000+08:00,22.10862616367297
2022-02-08T16:36:40.000+08:00,23.156626366101367
2022-02-08T17:32:09.000+08:00,20.511176679414493
2022-02-08T17:36:44.000+08:00,12.790095263406426
2022-02-08T18:33:37.000+08:00,26.331675540481474
2022-02-08T19:05:28.000+08:00,25.426605984237057
2022-02-08T20:37:38.000+08:00,24.126037695635937
2022-02-08T20:48:07.000+08:00,18.051221079229467
2022-02-08T21:12:02.000+08:00,9.267544475271727
2022-02-08T22:03:41.000+08:00,25.077825999969377
2022-02-08T23:22:25.000+08:00,20.4493128323712
2022-02-09T00:01:39.000+08:00,12.933884237097049
2022-02-09T00:39:08.000+08:00,14.557065268654732
2022-02-09T01:05:09.000+08:00,11.245371000775442
2022-02-09T02:17:59.000+08:00,32.191941426834646
2022-02-09T02:27:12.000+08:00,45.57792098897537
2022-02-09T03:32:40.000+08:00,31.33321526689297
2022-02-09T03:51:52.000+08:00,28.904614364371753
2022-02-09T04:27:55.000+08:00,27.87550194714744
2022-02-09T06:27:48.000+08:00,28.01688610965514
2022-02-09T06:30:10.000+08:00,7.675844266787607
2022-02-09T06:33:17.000+08:00,28.720612732634223
2022-02-09T07:55:53.000+08:00,20.46917465897617
2022-02-09T07:56:45.000+08:00,29.98658592185619
2022-02-09T08:11:18.000+08:00,17.833339294190296
2022-02-09T10:23:35.000+08:00,53.298306622699094
2022-02-09T10:36:22.000+08:00,23.941174785768077
2022-02-09T11:44:21.000+08:00,23.033362348216812
2022-02-09T12:17:08.000+08:00,39.573956016370545
2022-02-09T13:30:59.000+08:00,11.22228725316592
2022-02-09T13:48:03.000+08:00,11.154355232823114
2022-02-09T14:59:40.000+08:00,18.52799385155087
2022-02-09T15:05:31.000+08:00,21.64825625409732
2022-02-09T15:55:53.000+08:00,22.609248787306115
2022-02-09T15:56:01.000+08:00,25.352296179194923
2022-02-09T17:06:56.000+08:00,28.825575426044747
2022-02-09T17:10:25.000+08:00,26.55213453730718
2022-02-09T18:04:06.000+08:00,20.824517263815654
2022-02-09T19:18:34.000+08:00,24.792269008601178
2022-02-09T19:48:23.000+08:00,19.39119257640779
2022-02-09T21:14:59.000+08:00,22.789854619205556
2022-02-09T21:58:24.000+08:00,29.29739623702165
2022-02-09T22:14:36.000+08:00,10.494859669079164
2022-02-09T23:22:04.000+08:00,31.71742249414082
2022-02-09T23:32:30.000+08:00,18.111143766486016
2022-02-10T00:50:31.000+08:00,29.93891518363917
2022-02-10T01:45:22.000+08:00,33.474642867602185
2022-02-10T02:02:00.000+08:00,15.764062080635453
2022-02-10T03:25:00.000+08:00,27.317869350159576
2022-02-10T03:31:55.000+08:00,3.187499862029501
2022-02-10T05:05:14.000+08:00,32.23648431698535
2022-02-10T05:06:38.000+08:00,19.123652596874177
2022-02-10T05:48:37.000+08:00,18.07444223434036
2022-02-10T07:53:04.000+08:00,9.745900317422215
2022-02-10T08:05:30.000+08:00,2.2169994403976894
2022-02-10T08:22:09.000+08:00,32.90072032767749
2022-02-10T08:27:23.000+08:00,15.9614961781581
2022-02-10T10:26:04.000+08:00,23.99880809966184
2022-02-10T10:46:01.000+08:00,12.209493212429724
2022-02-10T11:15:09.000+08:00,16.7862005455612
2022-02-10T12:17:57.000+08:00,33.100216034838425
2022-02-10T14:05:24.000+08:00,36.59530845864583
2022-02-10T14:53:52.000+08:00,22.36943062518519
2022-02-10T15:10:20.000+08:00,14.358402066763693
2022-02-10T15:30:29.000+08:00,15.726178501668523
2022-02-10T15:48:13.000+08:00,5.344538702550645
2022-02-10T17:13:59.000+08:00,4.458655399351457
2022-02-10T17:46:46.000+08:00,18.291350383774812
2022-02-10T17:56:04.000+08:00,6.1980954718256385
2022-02-10T18:24:50.000+08:00,6.193463728004698
2022-02-10T20:26:49.000+08:00,23.128389237891867
2022-02-10T21:07:35.000+08:00,30.40835610191806
2022-02-10T21:26:56.000+08:00,19.393542585363633
2022-02-10T21:27:23.000+08:00,28.045910089226982
2022-02-10T22:34:26.000+08:00,3.289392366306693
2022-02-10T23:02:35.000+08:00,22.60764667861772
2022-02-10T23:54:50.000+08:00,12.984539841556701
2022-02-11T00:13:57.000+08:00,11.191556456237025
2022-02-11T00:51:06.000+08:00,22.524789853990455
2022-02-11T02:25:39.000+08:00,24.65593236305553
2022-02-11T02:51:27.000+08:00,8.116276080873844
2022-02-11T03:13:48.000+08:00,29.21225620072606
2022-02-11T03:56:23.000+08:00,43.29330781653981
2022-02-11T05:09:47.000+08:00,25.74556392926983
2022-02-11T05:47:09.000+08:00,25.433472107308354
2022-02-11T06:54:39.000+08:00,7.031100544227478
2022-02-11T06:57:04.000+08:00,13.920759596984281
2022-02-11T07:46:20.000+08:00,12.087524308774599
2022-02-11T08:16:28.000+08:00,17.353699111936763
2022-02-11T09:25:59.000+08:00,22.531188017326986
2022-02-11T09:44:33.000+08:00,14.292284894808104
2022-02-11T11:18:34.000+08:00,23.479325538710185
2022-02-11T11:39:48.000+08:00,1.9183739348556266
2022-02-11T13:00:21.000+08:00,24.696978260627034
2022-02-11T13:19:36.000+08:00,14.992017013353781
2022-02-11T13:38:43.000+08:00,19.785779482506566
2022-02-11T15:01:54.000+08:00,0.6682825324413884
2022-02-11T15:37:38.000+08:00,13.26947237298981
2022-02-11T16:01:04.000+08:00,31.902650136460107
2022-02-11T16:26:46.000+08:00,8.732289454999396
2022-02-11T17:59:57.000+08:00,6.76726394247876
2022-02-11T19:13:39.000+08:00,38.3531069179443
2022-02-11T20:14:37.000+08:00,33.76723475055944
2022-02-11T20:18:50.000+08:00,18.952112713819183
2022-02-11T21:10:50.000+08:00,20.75130890795958
2022-02-11T21:18:38.000+08:00,23.402984870393407
2022-02-11T23:00:12.000+08:00,34.86232278400756
2022-02-11T23:09:36.000+08:00,7.533735587400162
2022-02-11T23:25:52.000+08:00,33.948220930966855
2022-02-11T23:26:55.000+08:00,27.552972299625008
2022-02-12T00:58:37.000+08:00,20.19197116325759
2022-02-12T02:24:35.000+08:00,26.403615462243337
2022-02-12T02:52:39.000+08:00,28.69352056412327
2022-02-12T03:10:30.000+08:00,13.874678800045768
2022-02-12T04:34:28.000+08:00,15.109328580929276
2022-02-12T04:35:53.000+08:00,33.761964946283065
2022-02-12T05:03:19.000+08:00,11.913371920174484
2022-02-12T05:31:41.000+08:00,15.01117818726285
2022-02-12T06:52:37.000+08:00,21.194678171938833
2022-02-12T08:14:23.000+08:00,38.57991787148768
2022-02-12T08:38:56.000+08:00,29.206089930326502
2022-02-12T09:21:35.000+08:00,40.479585961187986
2022-02-12T10:00:16.000+08:00,6.206426606617033
2022-02-12T11:13:20.000+08:00,3.4415839836102258
2022-02-12T11:22:57.000+08:00,22.79938222622479
2022-02-12T12:39:14.000+08:00,18.02467861190051
2022-02-12T13:29:17.000+08:00,8.93666554917285
2022-02-12T14:10:13.000+08:00,19.041455424831337
2022-02-12T14:13:51.000+08:00,4.411758922704511
2022-02-12T14:26:56.000+08:00,17.276087893623625
2022-02-12T16:34:50.000+08:00,40.88562341707666
2022-02-12T16:46:59.000+08:00,25.686476111433475
2022-02-12T17:09:12.000+08:00,14.379754364985704
2022-02-12T18:20:26.000+08:00,16.715096007651457
2022-02-12T18:41:18.000+08:00,-4.876176706963843
2022-02-12T20:23:29.000+08:00,29.24827965563288
2022-02-12T21:10:45.000+08:00,17.17229762636049
2022-02-12T21:46:09.000+08:00,21.07578421893598
2022-02-12T22:22:03.000+08:00,21.92352255158258
2022-02-12T23:43:01.000+08:00,13.39124010496688
2022-02-13T00:10:23.000+08:00,37.11247843184992
2022-02-13T00:44:28.000+08:00,29.634654026332782
2022-02-13T00:56:53.000+08:00,31.670715534495464
2022-02-13T01:11:29.000+08:00,8.593701181976048
2022-02-13T02:16:34.000+08:00,1.4720460440503729
2022-02-13T02:26:11.000+08:00,20.247264840475303
2022-02-13T04:37:03.000+08:00,8.13508122979085
2022-02-13T04:37:38.000+08:00,14.963263769053741
2022-02-13T04:57:40.000+08:00,27.32459424910006
2022-02-13T05:06:03.000+08:00,10.432052674465993
2022-02-13T07:25:49.000+08:00,26.856173801698503
2022-02-13T07:35:22.000+08:00,29.47563949385802
2022-02-13T08:05:20.000+08:00,22.450451518917674
2022-02-13T08:21:53.000+08:00,12.021493989762337
2022-02-13T09:55:54.000+08:00,22.858080957592865
2022-02-13T10:52:01.000+08:00,29.5257582758627
2022-02-13T11:30:43.000+08:00,22.961453225621007
2022-02-13T11:43:02.000+08:00,16.388570977244125
2022-02-13T12:57:00.000+08:00,35.9300766690293
2022-02-13T14:44:39.000+08:00,6.388624264930442
2022-02-13T14:52:37.000+08:00,19.358630044290244
2022-02-13T15:11:17.000+08:00,16.32871453786415
2022-02-13T16:06:31.000+08:00,24.86635930635373
2022-02-13T16:13:25.000+08:00,29.92078432601368
2022-02-13T16:59:25.000+08:00,30.87264453746485
2022-02-13T17:25:08.000+08:00,16.965608672669923
2022-02-13T17:37:09.000+08:00,32.11145191461624
2022-02-13T20:17:53.000+08:00,11.132423813027225
2022-02-13T20:42:51.000+08:00,33.9939809523816
2022-02-13T20:45:40.000+08:00,26.350164582425485
2022-02-13T21:13:45.000+08:00,10.898126506966893
2022-02-13T22:05:07.000+08:00,38.072421964893536
2022-02-14T00:25:54.000+08:00,27.577453338390313
2022-02-14T00:31:37.000+08:00,19.435856241205034
2022-02-14T01:06:54.000+08:00,32.37948398300388
2022-02-14T01:48:12.000+08:00,23.39309763885428
2022-02-14T01:57:41.000+08:00,20.148761427899878
2022-02-14T03:20:01.000+08:00,15.913667456164177
2022-02-14T04:01:21.000+08:00,12.486274871271544
2022-02-14T04:36:56.000+08:00,-0.4871893834528471
2022-02-14T04:54:12.000+08:00,22.73106647636457
2022-02-14T05:24:10.000+08:00,22.038249459225916
2022-02-14T07:12:57.000+08:00,28.67594018973685
2022-02-14T07:41:29.000+08:00,2.835881169132385
2022-02-14T07:45:41.000+08:00,30.196546478129928
2022-02-14T08:32:13.000+08:00,4.386258965531358
2022-02-14T09:30:00.000+08:00,16.41951588907906
2022-02-14T10:52:12.000+08:00,8.537059816995638
2022-02-14T11:23:50.000+08:00,25.923616032018487
2022-02-14T12:14:26.000+08:00,27.574231496220648
2022-02-14T12:27:56.000+08:00,29.675531539376696
2022-02-14T12:42:45.000+08:00,33.824369039430465
2022-02-14T14:26:04.000+08:00,22.057984635387523
2022-02-14T15:07:43.000+08:00,4.51713588069547
2022-02-14T15:30:26.000+08:00,25.776823667247662
2022-02-14T16:46:20.000+08:00,20.595431944491867
2022-02-14T17:00:07.000+08:00,28.05020039149734
2022-02-14T18:21:15.000+08:00,9.161635234389475
2022-02-14T19:03:00.000+08:00,25.488352372614393
2022-02-14T19:47:53.000+08:00,27.259159972516073
2022-02-14T20:42:22.000+08:00,31.72624749499436
2022-02-14T21:31:03.000+08:00,4.863462862122812
2022-02-14T22:21:07.000+08:00,36.92162276290547
2022-02-14T22:38:11.000+08:00,28.349537890612496
2022-02-14T22:59:12.000+08:00,15.80842029246746
2022-02-15T00:00:46.000+08:00,21.826309049539688
2022-02-15T00:44:20.000+08:00,24.842503635237513
2022-02-15T02:15:42.000+08:00,7.352879634259921
2022-02-15T02:59:51.000+08:00,31.086727320942487
2022-02-15T03:21:18.000+08:00,13.734169182621741
2022-02-15T03:56:27.000+08:00,37.258977058658274
2022-02-15T04:05:01.000+08:00,13.581516189204645
2022-02-15T04:58:49.000+08:00,24.7549322110688
2022-02-15T05:51:53.000+08:00,15.51135729177249
2022-02-15T06:24:09.000+08:00,29.15017972893518
2022-02-15T06:41:44.000+08:00,8.555794548456308
2022-02-15T09:01:58.000+08:00,28.596049231284333
2022-02-15T09:13:59.000+08:00,34.44325498898243
2022-02-15T09:25:01.000+08:00,-7.995833214458887
2022-02-15T10:08:50.000+08:00,18.275731130829477
2022-02-15T11:12:03.000+08:00,23.156349588685742
2022-02-15T11:19:36.000+08:00,25.196734628869066
2022-02-15T11:59:43.000+08:00,35.521133878986326
2022-02-15T12:15:36.000+08:00,10.476447664636462
2022-02-15T13:54:40.000+08:00,18.46609338704975
2022-02-15T14:35:08.000+08:00,4.625569352421584
2022-02-15T15:48:30.000+08:00,-1.2505308484405084
2022-02-15T16:50:31.000+08:00,-1.3080577282747754
2022-02-15T17:21:21.000+08:00,20.465709586343202
2022-02-15T18:56:06.000+08:00,23.56989074768938
2022-02-15T19:08:20.000+08:00,31.317459043158088
2022-02-15T19:13:03.000+08:00,17.347001592875586
2022-02-15T20:32:46.000+08:00,7.739648939681514
2022-02-15T21:10:15.000+08:00,9.003240900399426
2022-02-15T21:36:39.000+08:00,22.8899769627879
2022-02-15T21:47:34.000+08:00,26.798521001965625
2022-02-15T23:03:09.000+08:00,15.816950013653027
2022-02-15T23:13:02.000+08:00,-1.0555050898602012
2022-02-15T23:34:51.000+08:00,28.633648052779076
2022-02-16T01:46:27.000+08:00,21.57166647532883
2022-02-16T01:51:16.000+08:00,7.820553223999923
2022-02-16T02:44:04.000+08:00,20.07982108114216
2022-02-16T02:44:12.000+08:00,12.59870839463551
2022-02-16T04:45:04.000+08:00,8.115762693665644
2022-02-16T06:04:24.000+08:00,23.35400465508218
2022-02-16T06:25:44.000+08:00,24.535109850243668
2022-02-16T06:37:33.000+08:00,11.536796666082326
2022-02-16T06:56:21.000+08:00,21.622508258970157
2022-02-16T08:22:05.000+08:00,11.892517312080725
2022-02-16T09:50:12.000+08:00,13.543786716089041
2022-02-16T10:15:09.000+08:00,16.448693843136986
2022-02-16T10:20:14.000+08:00,33.811694247251054
2022-02-16T11:21:40.000+08:00,26.752539405660187
2022-02-16T11:25:37.000+08:00,23.508204648608537
2022-02-16T13:21:54.000+08:00,31.138741760783525
2022-02-16T13:28:24.000+08:00,36.19761199269861
2022-02-16T14:07:14.000+08:00,11.505234222847706
2022-02-16T15:42:58.000+08:00,15.781961715012097
2022-02-16T15:44:02.000+08:00,19.821718313455452
2022-02-16T15:44:13.000+08:00,23.206653647870663
2022-02-16T16:50:17.000+08:00,10.926133755293193
2022-02-16T18:21:53.000+08:00,21.72942154651337
2022-02-16T18:33:45.000+08:00,22.011557531681838
2022-02-16T19:44:03.000+08:00,7.474005571127547
2022-02-16T20:31:20.000+08:00,9.788642664210476
2022-02-16T21:02:11.000+08:00,20.224024997488385
2022-02-16T21:19:07.000+08:00,9.047434811257556
2022-02-16T21:31:30.000+08:00,28.6298638468505
2022-02-16T21:37:19.000+08:00,26.70183427328101
2022-02-16T23:34:03.000+08:00,20.365179797184148
2022-02-17T00:58:27.000+08:00,14.829246344342666
2022-02-17T01:19:14.000+08:00,17.85064249067676
2022-02-17T01:57:57.000+08:00,25.55559022887821
2022-02-17T02:17:09.000+08:00,14.018915314396613
2022-02-17T03:08:06.000+08:00,16.289687586310833
2022-02-17T04:28:14.000+08:00,23.322643066650578
2022-02-17T04:57:41.000+08:00,19.223895675974436
2022-02-17T05:47:24.000+08:00,11.511648279791276
2022-02-17T07:32:10.000+08:00,26.42740488095342
2022-02-17T07:43:25.000+08:00,29.272979742037855
2022-02-17T08:55:08.000+08:00,34.19794381193498
2022-02-17T09:21:36.000+08:00,23.28359366758901
2022-02-17T10:04:51.000+08:00,18.6731606900566
2022-02-17T11:04:08.000+08:00,19.154776950889854
2022-02-17T11:10:42.000+08:00,21.06473850608978
2022-02-17T11:59:51.000+08:00,17.162182839439858
2022-02-17T12:01:16.000+08:00,34.75676069139222
2022-02-17T12:30:02.000+08:00,29.670190314458324
2022-02-17T13:51:08.000+08:00,20.962035147912168
2022-02-17T13:57:59.000+08:00,15.271588199749381
2022-02-17T14:25:48.000+08:00,25.55842503546338
2022-02-17T15:35:37.000+08:00,15.233293414288806
2022-02-17T17:03:23.000+08:00,14.907187139508881
2022-02-17T18:01:03.000+08:00,11.790807183345725
2022-02-17T18:35:23.000+08:00,11.57623146033653
2022-02-17T18:49:38.000+08:00,12.296132676602571
2022-02-17T19:13:46.000+08:00,31.157564460395232
2022-02-17T20:32:17.000+08:00,-1.1758578940146052
2022-02-17T21:01:20.000+08:00,10.321030995283762
2022-02-17T21:23:23.000+08:00,15.723587235241983
2022-02-17T22:32:57.000+08:00,8.225368410631829
2022-02-17T23:05:44.000+08:00,21.075996250510492
2022-02-18T00:33:20.000+08:00,15.197547414201255
2022-02-18T00:54:17.000+08:00,23.696498398414736
2022-02-18T01:22:01.000+08:00,20.28358011045771
2022-02-18T01:38:39.000+08:00,19.037837731092843
2022-02-18T03:00:58.000+08:00,27.101614520413744
2022-02-18T04:09:24.000+08:00,16.579573601336122
2022-02-18T04:53:04.000+08:00,8.113485142865215
2022-02-18T05:36:48.000+08:00,10.105709013087186
2022-02-18T06:32:27.000+08:00,22.252561692641756
2022-02-18T07:31:49.000+08:00,23.776555190601822
2022-02-18T08:03:29.000+08:00,10.703477044597395
2022-02-18T08:27:59.000+08:00,6.364258964674486
2022-02-18T09:53:35.000+08:00,7.112266179640304
2022-02-18T10:30:44.000+08:00,17.24324272686122
2022-02-18T10:40:37.000+08:00,10.032612929564584
2022-02-18T11:27:48.000+08:00,9.854158856666732
2022-02-18T12:18:42.000+08:00,11.840029004961046
2022-02-18T13:29:21.000+08:00,21.260745716457023
2022-02-18T14:10:48.000+08:00,30.82996624701728
2022-02-18T15:15:17.000+08:00,8.845951677854096
2022-02-18T15:15:45.000+08:00,28.080356104239545
2022-02-18T15:41:33.000+08:00,19.053120510784794
2022-02-18T16:40:55.000+08:00,22.211189741990022
2022-02-18T17:13:13.000+08:00,28.11209172105098
2022-02-18T17:24:51.000+08:00,36.80559192672812
2022-02-18T18:32:03.000+08:00,26.489285251950754
2022-02-18T19:28:41.000+08:00,40.664065334198106
2022-02-18T20:39:17.000+08:00,18.674236234948967
2022-02-18T20:41:24.000+08:00,19.060893395744834
2022-02-18T21:08:02.000+08:00,30.04269661086201
2022-02-18T22:08:08.000+08:00,35.49635935030391
2022-02-18T22:52:31.000+08:00,28.665057954807178
2022-02-19T00:25:12.000+08:00,22.380653573427484
2022-02-19T00:27:48.000+08:00,4.617301657482191
2022-02-19T01:51:35.000+08:00,13.545533769327808
2022-02-19T02:57:18.000+08:00,14.778415211717313
2022-02-19T03:47:39.000+08:00,13.82419135108913
2022-02-19T03:49:47.000+08:00,1.5345988773979364
2022-02-19T04:10:10.000+08:00,40.876219252206184
2022-02-19T05:17:41.000+08:00,37.352040874210054
2022-02-19T05:41:14.000+08:00,19.608161799637777
2022-02-19T07:07:07.000+08:00,43.23453586711181
2022-02-19T07:19:47.000+08:00,8.418207478463373
2022-02-19T07:46:49.000+08:00,9.48214436956025
2022-02-19T07:52:12.000+08:00,15.193837460627813
2022-02-19T10:24:48.000+08:00,32.827092995147325
2022-02-19T10:57:33.000+08:00,19.576156246091436
2022-02-19T11:12:42.000+08:00,15.694459939242101
2022-02-19T11:51:34.000+08:00,12.982379607496956
2022-02-19T12:37:45.000+08:00,31.341131329542907
2022-02-19T12:47:49.000+08:00,36.141067224009106
2022-02-19T14:38:02.000+08:00,-3.7728648559265068
2022-02-19T15:15:13.000+08:00,27.73149925789567
2022-02-19T15:41:35.000+08:00,30.06867926123894
2022-02-19T16:28:03.000+08:00,9.788351533818133
2022-02-19T16:52:08.000+08:00,12.20001710335227
2022-02-19T18:51:13.000+08:00,20.244085629408453
2022-02-19T19:21:00.000+08:00,5.512353097102434
2022-02-19T19:32:39.000+08:00,28.218042470435243
2022-02-19T19:35:28.000+08:00,9.260140557379774
2022-02-19T21:12:28.000+08:00,19.402008358889496
2022-02-19T22:03:32.000+08:00,27.701398557912505
2022-02-19T22:51:16.000+08:00,14.77077464918067
2022-02-19T23:37:57.000+08:00,11.141461163247584
2022-02-19T23:49:03.000+08:00,30.156453648762884
2022-02-20T00:04:05.000+08:00,27.22908625371038
2022-02-20T01:10:41.000+08:00,34.164637285554136
2022-02-20T01:16:44.000+08:00,11.341679086665573
2022-02-20T02:39:17.000+08:00,14.187631583916776
2022-02-20T02:58:50.000+08:00,3.877915811187826
2022-02-20T04:05:27.000+08:00,30.84525845685825
2022-02-20T05:19:03.000+08:00,12.683540870239687
2022-02-20T06:05:16.000+08:00,18.08955328513945
2022-02-20T06:44:11.000+08:00,29.203109222805494
2022-02-20T07:02:42.000+08:00,12.21964839328455
2022-02-20T07:27:23.000+08:00,7.782453230525142
2022-02-20T09:08:09.000+08:00,-6.432615215757444
2022-02-20T09:28:22.000+08:00,19.617524865260417
2022-02-20T11:20:24.000+08:00,18.135217643876853
2022-02-20T11:42:59.000+08:00,16.04458826879742
2022-02-20T11:57:07.000+08:00,19.918232425251084
2022-02-20T12:33:32.000+08:00,24.744405755530686
2022-02-20T13:06:59.000+08:00,24.624888699685535
2022-02-20T13:45:34.000+08:00,13.510582346748045
2022-02-20T14:49:31.000+08:00,31.805610230991626
2022-02-20T16:04:01.000+08:00,24.2126253610757
2022-02-20T16:33:21.000+08:00,3.5453371215253817
2022-02-20T16:59:53.000+08:00,33.23203500882309
2022-02-20T17:47:06.000+08:00,28.292039824844096
2022-02-20T18:05:04.000+08:00,33.859722509648726
2022-02-20T20:04:46.000+08:00,43.47354758419657
2022-02-20T20:37:54.000+08:00,25.682877271841452
2022-02-20T20:45:26.000+08:00,29.28024266319351
2022-02-20T22:39:31.000+08:00,20.13050751365527
2022-02-20T23:06:16.000+08:00,23.054931244678755
2022-02-20T23:14:27.000+08:00,8.589324466590696
2022-02-20T23:37:03.000+08:00,19.465204604117964
2022-02-21T00:20:13.000+08:00,25.194448605356392
2022-02-21T01:22:46.000+08:00,35.997548197317414
2022-02-21T01:36:39.000+08:00,33.53612008825442
2022-02-21T02:05:54.000+08:00,18.354656782600813
2022-02-21T03:05:12.000+08:00,4.674540239727971
2022-02-21T03:23:18.000+08:00,27.345531381815107
2022-02-21T04:10:49.000+08:00,13.985109464283667
2022-02-21T06:18:05.000+08:00,30.849672616304026
2022-02-21T07:09:49.000+08:00,18.552499767831353
2022-02-21T07:24:05.000+08:00,5.523184863695747
2022-02-21T08:40:31.000+08:00,33.49835302296485
2022-02-21T08:54:35.000+08:00,16.270511069249473
2022-02-21T09:31:03.000+08:00,42.2875318271789
2022-02-21T10:07:09.000+08:00,26.87169308908053
2022-02-21T10:29:10.000+08:00,22.06680716724356
2022-02-21T10:40:04.000+08:00,49.00877582601428
2022-02-21T12:29:49.000+08:00,17.95155661198985
2022-02-21T13:12:34.000+08:00,16.29333880884565
2022-02-21T14:06:48.000+08:00,24.396714540016035
2022-02-21T15:08:23.000+08:00,8.60078363061043
2022-02-21T15:18:03.000+08:00,21.12983318054961
2022-02-21T16:13:17.000+08:00,21.91569157290168
2022-02-21T17:01:36.000+08:00,15.699643128550246
2022-02-21T17:34:00.000+08:00,17.39292708573276
2022-02-21T18:14:50.000+08:00,1.7734008591187802
2022-02-21T19:32:39.000+08:00,40.69963623838423
2022-02-21T19:46:48.000+08:00,23.936129287825555
2022-02-21T21:04:35.000+08:00,19.631770080516976
2022-02-21T21:17:46.000+08:00,25.776783665382478
2022-02-21T22:29:49.000+08:00,33.911803142323826
2022-02-21T22:52:01.000+08:00,22.384152514669868
2022-02-21T23:24:59.000+08:00,27.66334204191031
2022-02-22T01:15:22.000+08:00,18.020273355501534
2022-02-22T01:22:24.000+08:00,29.231303763165357
2022-02-22T03:21:00.000+08:00,24.026269229408566
2022-02-22T03:31:44.000+08:00,39.00201686693222
2022-02-22T03:56:43.000+08:00,8.160065029846235
2022-02-22T04:14:55.000+08:00,21.70791040095235
2022-02-22T04:54:25.000+08:00,-3.409521552469702
2022-02-22T05:12:16.000+08:00,25.85630423985942
2022-02-22T06:01:27.000+08:00,15.113776164942793
2022-02-22T06:36:16.000+08:00,-5.398629263681634
2022-02-22T07:24:26.000+08:00,23.748567261343634
2022-02-22T08:52:59.000+08:00,17.24779329507966
2022-02-22T09:09:40.000+08:00,12.488163006333606
2022-02-22T10:07:05.000+08:00,14.829871220366105
2022-02-22T10:13:40.000+08:00,17.93026802067495
2022-02-22T12:17:03.000+08:00,3.1049910452726195
2022-02-22T12:39:37.000+08:00,35.82055494848654
2022-02-22T13:13:00.000+08:00,17.91099782625958
2022-02-22T14:01:12.000+08:00,18.320872562614902
2022-02-22T14:09:05.000+08:00,29.63813861711826
2022-02-22T14:45:53.000+08:00,24.061505387159876
2022-02-22T15:20:46.000+08:00,10.812393242729005
2022-02-22T16:16:23.000+08:00,12.118591184144165
2022-02-22T18:35:12.000+08:00,31.70956058969638
2022-02-22T18:49:30.000+08:00,10.997167691916374
2022-02-22T18:53:12.000+08:00,12.839922904630686
2022-02-22T19:55:09.000+08:00,29.416110202604184
2022-02-22T20:36:36.000+08:00,30.15476448366077
2022-02-22T21:39:13.000+08:00,1.5653278993129796
2022-02-22T21:42:24.000+08:00,19.535889193561196
2022-02-22T21:42:31.000+08:00,9.858476957717768
2022-02-23T00:05:38.000+08:00,26.270981928242733
2022-02-23T00:21:21.000+08:00,5.738020650674784
2022-02-23T01:03:08.000+08:00,17.596078623357858
2022-02-23T01:22:05.000+08:00,13.66729142739822
2022-02-23T02:05:20.000+08:00,24.29609948835205
2022-02-23T03:16:09.000+08:00,23.637646827333935
2022-02-23T03:17:38.000+08:00,19.609987971811524
2022-02-23T04:30:00.000+08:00,23.49181825977611
2022-02-23T04:55:56.000+08:00,37.6111897406081
2022-02-23T05:27:55.000+08:00,16.07173850286079
2022-02-23T07:14:59.000+08:00,29.651987163942245
2022-02-23T08:36:41.000+08:00,33.11938925724555
2022-02-23T09:03:45.000+08:00,22.49751841737847
2022-02-23T09:15:24.000+08:00,32.06374952571583
2022-02-23T09:57:47.000+08:00,10.002154221783266
2022-02-23T10:18:37.000+08:00,18.628072919291604
2022-02-23T11:31:47.000+08:00,35.597008142312546
2022-02-23T11:33:15.000+08:00,15.654241864199864
2022-02-23T12:35:57.000+08:00,22.07330761977748
2022-02-23T14:10:05.000+08:00,29.041831992817535
2022-02-23T14:29:50.000+08:00,17.03952772182067
2022-02-23T14:40:19.000+08:00,20.72030554386704
2022-02-23T15:13:25.000+08:00,40.571365880287935
2022-02-23T17:25:08.000+08:00,19.600382787484246
2022-02-23T17:26:33.000+08:00,16.883816257398408
2022-02-23T18:16:52.000+08:00,17.646664622628982
2022-02-23T18:35:09.000+08:00,4.135425807876818
2022-02-23T19:27:19.000+08:00,9.855836495805498
2022-02-23T20:21:27.000+08:00,18.702608957055947
2022-02-23T20:56:51.000+08:00,17.181975260036232
2022-02-23T22:34:18.000+08:00,14.355547778356968
2022-02-23T22:53:37.000+08:00,29.467905437893336
2022-02-23T23:33:25.000+08:00,21.19512070613617
2022-02-23T23:57:40.000+08:00,24.190166026957588
